Name,Rating,Total Reviews,Photo URL 1,Photo URL 2,Photo URL 3,Google Maps Link,Embed URL,Embed Code,review_01,review_02,review_03,review_04,review_05,review_06,review_07,review_08,review_09,review_10,review_11,review_12,review_13,review_14,review_15,review_16,review_17,review_18,review_19,review_20
San Rak Health massage,5.0,166,https://places.googleapis.com/v1/places/ChIJq5AdiNv9VDARLG7fc02UULQ/photos/AeeoHcLkifS_8_6BJ_N0MPJvMBQuyxoHV8Kpfzq1O7H0sfmUfUqWUl-TXx1lN-7B_IVwhFHuzX7Pn6Q4BR5BAZqiOS4zjmG6d8BqbMe1LT9wzXCvw2ettJe0GGriKbA2S1zelE30I4weaDRTo1VMNm8D1m1S16301hQOZ7cRm5SLn-YnETaF-QcOYIUZAbuB2-9mOAGqTeT0OLieqj6efMJ7w6_c5I_HEQrQC-1AvWRqSxcwVfsbpzavhZdx5NfZr9k6BJc9ixs3QpaDW1pdivBQq5sq6LG1MimylC4kh_hYVYSF0Q/media?key=AIzaSyC_ZZxoQjkItHwRpOlwiEVHPdQZwjbwRHU&maxHeightPx=800,https://places.googleapis.com/v1/places/ChIJq5AdiNv9VDARLG7fc02UULQ/photos/AeeoHcKeudpDq2bXJOZNz1CTZQRFgkqGFE_mGbVAN_eHdLh-hGnZjkQNLF3Ica_2fdUPQx3rgzp1bjJXGPpr9UFmJXHVaFv0R9sK7USLGOslzWAk9JoiQb6YcadKfg84QbPm-5-TiOj9fIp4C1ZZnLcm5zj0riAaAmSHvT438wukyc-WgFcbyps62x9GcqCCCReeSJfnpk2T4bqh50c-Z8OqRAPOc9yBXjqsBQyREkAocgsRr9iswCzGNI5Zl6hPqpT75S4WcDTgvdOUzMz3oCLojsMt16vTvaiWQjXzCbJJAjksZWh8tfUEIG3ChwuAt65f-Dd1Ajd6bMt1vMakcoeYHs7ayA2qAOq7IP6_8bMb9LNBG33-1UjMW_F6KrL7rN72eROkr54aNbHHYOOvZGvR8Lj8dpIUqBwNuNKBJDf7LfBHeAQ/media?key=AIzaSyC_ZZxoQjkItHwRpOlwiEVHPdQZwjbwRHU&maxHeightPx=800,https://places.googleapis.com/v1/places/ChIJq5AdiNv9VDARLG7fc02UULQ/photos/AeeoHcLPtqK6hXNSXQP8Zw8pWpvB_YqbnxX4OPCh1I4r-RFp1GULdPmF7r1UieVQNaZi9E9UBCaBAyLLz7__4fWohV4RgoOFEOwXMLUwTBrrvUMtwRlm2odo2NFHw2qffNEDfkSZc-zscWfadnfoOKVx0GRfpUfL7pUy_ExjcDF0oWhZEQ9Axk-L4su_Ipnj7FCQfSXt-U_XaDL8_dYGTkxSGyIjsX3KYGOmIaMlkpa_ce4nbhVtx0hDucJmisOamvqPuKb7qbLvKccwEvH2kpceiyZ6NBGAy6txWz5r7WaNWn2lRQ/media?key=AIzaSyC_ZZxoQjkItHwRpOlwiEVHPdQZwjbwRHU&maxHeightPx=800,https://www.google.com/maps/place/?q=place_id:ChIJq5AdiNv9VDARLG7fc02UULQ,https://www.google.com/maps/embed/v1/place?q=place_id:ChIJq5AdiNv9VDARLG7fc02UULQ&zoom=17&key=AIzaSyBFw0Qbyq9zTFTd-tUY6dZWTgaQzuU17R8,<iframe src='https://www.google.com/maps/embed/v1/place?q=place_id:ChIJq5AdiNv9VDARLG7fc02UULQ&zoom=17&key=AIzaSyBFw0Qbyq9zTFTd-tUY6dZWTgaQzuU17R8' width='600' height='450' style='border:0' allowfullscreen='' loading='lazy' referrerpolicy='no-referrer-when-downgrade'></iframe>,,,,,,,,,,,,,,,,,,,,
Sri Pai Massage,4.9,329,https://places.googleapis.com/v1/places/ChIJYTGbdOX9VDARXoO2l8VSJ9E/photos/AeeoHcImabRz3Zc7LYYGvEVm9SYLvCJWY6cdeKBAC45uQRYvVKZ4EJhBpbzGFqxf8qg_iMqtNOUEtkcLfnuqG-PB-bGCzCaXaA0lNciozHollbLWAug5gJhPdmPL8VRBbRaCxPBb8nS394Ghkl_-L0mQ3aejcjC2GMsozi2fcyKxao8NcHfHg5FUS-z7E4cDihLm1BEfRARDTmEy_mUF4UpmQoUYn6hwWVJ6wNITZdy5Xlqdl8RmnlXnRutiQNQutWciQO8_-SGbFKExP859GxODCaKQAzqYXMwQ27CfxJvoFB2e2BJxLFkVwmK0aNWrG3A-y8cb1NjlKD42b_w4Z-sRyMqoZmqZefC57XSqFuLLbPPxI9mDcDoc_8Gz48l0HrQWOzgP9fpopCio5BMqbDfLK9pK2oX8j7yAe0a5W8ZUxX44w9U/media?key=AIzaSyC_ZZxoQjkItHwRpOlwiEVHPdQZwjbwRHU&maxHeightPx=800,https://places.googleapis.com/v1/places/ChIJYTGbdOX9VDARXoO2l8VSJ9E/photos/AeeoHcL9ThELlJL-1_YZh1rNoiHnoVo54SHczFB6zhjjVy4UMdKW2e9sln2sZSnETvQp6mcXyG9mt4g6P2xrs11T3wTWYACI7Q1v-u5NxAPmpV90PuiOMIpX3hAVeIaCeVgovdxoglz-CMezTfLUyinwDh4WvX-_L5vU6kRF9eA-RYYzpfZJ8x-qLrgkz9zHW6hQBZMYPqx52qeHWW7nk4iVaq6e4X0z412U6FQQfiVHfqG52t_XqNlUGY09vhdGdA62OUyaRUwpFITuUpBmDXhhgxFA4qly45Q3_o6HMjLWD4XaQA/media?key=AIzaSyC_ZZxoQjkItHwRpOlwiEVHPdQZwjbwRHU&maxHeightPx=800,https://places.googleapis.com/v1/places/ChIJYTGbdOX9VDARXoO2l8VSJ9E/photos/AeeoHcL7uUbZDark9dgF51_ruIZCq6iHHP0MCuHqiNJITWdK018zVpyXrVH978hcHc1QFSwWWZtzom0Ms9hnqwtgMyUq1EWelfqzJaOfUQw8lQ-mE_nnppkV14NA8HyxhAvCokd1wawfjEs8USokVTmFm-ufdMPM3xETn0nAHrCRIJTqjxf5IgZ90daN3uCVST3lWxYN8nYRIT5yYLQr50q5CbC8Yv4EqPC-EZjzPPimNKoOTdqIGWntJV0g39ol1NNpmvDm1NVOgOcB641wdFiU8hDnG-rE5erWZ1Z4olwO7Ts6Vt7eGoC9vNsLir5sv_qooZ0Phynhfx5JNHObywGr7411n2jSvcaOK_t6K0NqcJ1UUhBmnYTuZFYmiz29MIkBt-BPh4iGCnoH0KduNrF1C4Z6sHYhqPO4g901Lx0t9W5k_PB-/media?key=AIzaSyC_ZZxoQjkItHwRpOlwiEVHPdQZwjbwRHU&maxHeightPx=800,https://www.google.com/maps/place/?q=place_id:ChIJYTGbdOX9VDARXoO2l8VSJ9E,https://www.google.com/maps/embed/v1/place?q=place_id:ChIJYTGbdOX9VDARXoO2l8VSJ9E&zoom=17&key=AIzaSyBFw0Qbyq9zTFTd-tUY6dZWTgaQzuU17R8,<iframe src='https://www.google.com/maps/embed/v1/place?q=place_id:ChIJYTGbdOX9VDARXoO2l8VSJ9E&zoom=17&key=AIzaSyBFw0Qbyq9zTFTd-tUY6dZWTgaQzuU17R8' width='600' height='450' style='border:0' allowfullscreen='' loading='lazy' referrerpolicy='no-referrer-when-downgrade'></iframe>,,,,,,,,,,,,,,,,,,,,
Siam Heritage+ Massage & SPA treatments,4.9,493,https://places.googleapis.com/v1/places/ChIJnVQDhvP9VDAR4S8hSsGYSY8/photos/AeeoHcLg-qxvx0vBIx8p3ih6gPlFCFpqlC1m6DORgG6crhLpal-eaCafjE0YWDrwmPLUZH37UVwxMvXEy89q9QVcFKugkOEPX0ihmT3pcKetyNAF7FHprnZBUbbbZu0QEVyfGE9YDNyqCyvn-QItzalqtTgULC_CK49qEM4PpkZliZxg7p8MavdiVO1yVQnXMTK9NyXRp1uYiSFI-6R-SXHz02STseXCAIonP7RGUZdxBZpJNJtZPxWGa3vctalBkjCG_sZ2nZ95pu7wh-CRq7V6mMUxz8DIJJyc-6DNNkTQKvygbA/media?key=AIzaSyC_ZZxoQjkItHwRpOlwiEVHPdQZwjbwRHU&maxHeightPx=800,https://places.googleapis.com/v1/places/ChIJnVQDhvP9VDAR4S8hSsGYSY8/photos/AeeoHcLsSkW7M7w5Hu1L25qTz0QvHX__gzKWpWw2WlLWg32cirUIFjvnrhz7BRxduhg5VAP0PeT-m0WDL1H60t2SchfhatTRsiAFDpJ-ZgozhfwTFS9D3vYmBgE6QzAT1VmbUCwPNJzG6TiagAOfaLMbhCH1jf-VpPi9xq2-5eh9hC8KB51gIAEOQReNFqxHThjPpDE5-SEePDz0GyyJCVWZKX0IRVUSTv7wYF6nFjqhgmL65ruksc-DC8sScu3jUKQeorWLHSksFMsdMKaVb4exbV_e_IRzj7njFDbtZl3DVFVN1wnRaDtsN67KOkUDMhjy-jq482R1pFceXYZo1qM9nnZ0ORrhdnAy7nEfBvUC7eAUFbnO9MD5MmtmstZYs7TGNmJOERe3Xmd6J9EYMjmCV9Q5jLyxXNhOMVSPYMWQ869QtWJy/media?key=AIzaSyC_ZZxoQjkItHwRpOlwiEVHPdQZwjbwRHU&maxHeightPx=800,https://places.googleapis.com/v1/places/ChIJnVQDhvP9VDAR4S8hSsGYSY8/photos/AeeoHcLJTe8Tx7W1roWMyFXk-QKbUbk0LqvtdVYnkm2L5VHSJQlyVqfE6zcgmC_Ew6JuNpE1UxW4fKzBQ7JsMO7l4lGrWMb7Huf1J4k-CL-tBFIN1TLtPXrg3dDlUCezhH96iyqcFmMe7CNXceyt27oskTJaSG-GEeDS6zErk9nI1kkuHag4IorjuxnOhkVTwH5csTaPUiWgtoGVioOgt0i7w46gryf5O192cPNr4Zrue2m4vAfKUFCeXg6phKVeTp2V9X54Steb25UGxzhLGvdRmD-oggem03jZ4vZ8Rme54hVPw8rukegbe4tdvsBDV0qyXQiSAcvisa3XXnUxWDfAgCLkL8_ss_3wh86ZZOm3Lg950_falXzOdW5SDUyX3-S_r4ahrQoqz37sjzYfVtyLzYXKG5F9PXDoFjBgRUbZb3Zuzw/media?key=AIzaSyC_ZZxoQjkItHwRpOlwiEVHPdQZwjbwRHU&maxHeightPx=800,https://www.google.com/maps/place/?q=place_id:ChIJnVQDhvP9VDAR4S8hSsGYSY8,https://www.google.com/maps/embed/v1/place?q=place_id:ChIJnVQDhvP9VDAR4S8hSsGYSY8&zoom=17&key=AIzaSyBFw0Qbyq9zTFTd-tUY6dZWTgaQzuU17R8,<iframe src='https://www.google.com/maps/embed/v1/place?q=place_id:ChIJnVQDhvP9VDAR4S8hSsGYSY8&zoom=17&key=AIzaSyBFw0Qbyq9zTFTd-tUY6dZWTgaQzuU17R8' width='600' height='450' style='border:0' allowfullscreen='' loading='lazy' referrerpolicy='no-referrer-when-downgrade'></iframe>,,,,,,,,,,,,,,,,,,,,
Double B Health Massage,4.9,118,https://places.googleapis.com/v1/places/ChIJC3fIpFv9VDARt3VZ_N-1GNM/photos/AeeoHcLpmecRNmfXKWD5-DibaXNoDDVNiUqCzbtSlBivKLMFjVgJEwgqnnKVngzDaTVFD-qkgeV4vk2NBXr2cPQIchAKDQSGhvyDwFehrhSwkCskErxgm2ID1dtxMl6K8DUWPA6lhjAFtKJh325tvT93rFoxwyFSvkBu-hab1Rzxbui0B0SDRWfUhKhNz55X5lFqolIRexs3HdSWkE2-qpK-2F5LtfOLTdZu2Bm5ISNJVI_Rgr3C14Yajakslbx_wpCiz3zSTIdRxXYb8ypdaq3Oq0PYCyLQnebd_B0pwRZ7ME-xrg/media?key=AIzaSyC_ZZxoQjkItHwRpOlwiEVHPdQZwjbwRHU&maxHeightPx=800,https://places.googleapis.com/v1/places/ChIJC3fIpFv9VDARt3VZ_N-1GNM/photos/AeeoHcJ-4KrDjDRDEgm17yHAoJmEUv_MIOH55GBLX8ej_-11gYyFy3wq7mUXFwB5-ngiCpR3l08xL5qgabtfKnHubfrNiqsmWQokdEWdl6I5wzPu0WesKqsJHeh_8zL25xCt7ROTRttup3GZcGh2AwgYblGS9cX7d0zipcvHz3jAlafb6xzAAG1cttbgfkba0Uq63bsm25Or_QiZJkcnltUVSNWKmlwtqN-tDQsshX6_PpuFu5mdIcchE15SjUEdV9sP6LMkZ3neFOnXEjhcN6zRktX2pUFwkpGHjmjq-Y8he8XFOw/media?key=AIzaSyC_ZZxoQjkItHwRpOlwiEVHPdQZwjbwRHU&maxHeightPx=800,https://places.googleapis.com/v1/places/ChIJC3fIpFv9VDARt3VZ_N-1GNM/photos/AeeoHcKVgSZNDwZv2H_vVb2D_4tpNg5oni8FT9zSbQukTjgEln3UhrKA7_RRT_nqXbOLF3_JySCLExkzU9oCcCJPjdv2e60lzW3-YjwdDZ60wi8h6o1GydXRt8sGlGuqo5OESGlHVDE3YH4VVL11Npf7tXMdiK80kyLNzH22Jr4pEHlTPJfrEjFMAyTZst-wDUSH4TyAFEswFkCJptstWkRfZSjBuSfmoh3MFlypmdbz0__3RGKobq7zd7XczgMD_C1Egw4a5l7ULbCi4E9gPyZe78Ueiqx_f2eNs_-f46i_blRMTfIbuOi9-V3e7_9i_koFgQMzx-juTlC5611hjMnFl83oWabSRA9bxFnu2niXg4n73b5ygCx5WIeJeULu7bPz0ho6nnDEtf2FAMx_MdUUyU-8wLgdR2jql-YCntGnoexHEAY/media?key=AIzaSyC_ZZxoQjkItHwRpOlwiEVHPdQZwjbwRHU&maxHeightPx=800,https://www.google.com/maps/place/?q=place_id:ChIJC3fIpFv9VDARt3VZ_N-1GNM,https://www.google.com/maps/embed/v1/place?q=place_id:ChIJC3fIpFv9VDARt3VZ_N-1GNM&zoom=17&key=AIzaSyBFw0Qbyq9zTFTd-tUY6dZWTgaQzuU17R8,<iframe src='https://www.google.com/maps/embed/v1/place?q=place_id:ChIJC3fIpFv9VDARt3VZ_N-1GNM&zoom=17&key=AIzaSyBFw0Qbyq9zTFTd-tUY6dZWTgaQzuU17R8' width='600' height='450' style='border:0' allowfullscreen='' loading='lazy' referrerpolicy='no-referrer-when-downgrade'></iframe>,,,,,,,,,,,,,,,,,,,,
Kanda Massage,4.8,787,https://places.googleapis.com/v1/places/ChIJWV8AGX7-VDAR69NQizhZh7Y/photos/AeeoHcJPfA-nocWYh1txuDFw7LxxpS5GdIEaZ5FAscdB7MmxOWvPKXnhiX2HsSwkoSpDQhm0kn-yhBzpt3HvWb2sIdRCjUKEDR_usHnTCZBvqyGDU-OEm5z_Y7A07nWQdwPyvs4mJU1oWSovkFB7PWmakc5huL4QyeiDwpho0hal5BNxmSo5a51nLhZDxHGq83ceVVP7nwsdB4MQFWygtqWg6thHIDuscoPIIzJSIFZDlxYYKRgnckYjboUwfovla3TC020rCBkH-z2gj69QN39sgle-S6WzzUiWSfiDXxReeIHBvg/media?key=AIzaSyC_ZZxoQjkItHwRpOlwiEVHPdQZwjbwRHU&maxHeightPx=800,https://places.googleapis.com/v1/places/ChIJWV8AGX7-VDAR69NQizhZh7Y/photos/AeeoHcJtYjNqtd0qN4FH6AgTOE-8jmUBSdoiO_dDNQ3l5HKrghDPkatBr54yU4_9Utt1ejbnU4qp1lBpC7kIjZv7M7Rc1Cqnx59xEDb1MevfTsuQegOO2q7GH91CygTIt-VoL9u5azHa32FEG79zFigaSJzgJ3OImH_Ztf-vstPQyPl4QhuWd0rmKamh5nrKuNcHJk5iWS0Zw1_DmKIhiHF3-AKP66wb2no2kQX9-XuxMCcwmfXtgHTLbaGxfUcelLrD-7xwZx3MDHJ4CaelfRC0HRCYadjpFtktBqM0aO8HK6po7g/media?key=AIzaSyC_ZZxoQjkItHwRpOlwiEVHPdQZwjbwRHU&maxHeightPx=800,https://places.googleapis.com/v1/places/ChIJWV8AGX7-VDAR69NQizhZh7Y/photos/AeeoHcJJJlypgSBMdKP9WJjT_qqhDmvaQdE4LFLEYSdsVUhFWEB9Sut7jVmcgIgWbqrNhm7E8nWfwVnQNUlAO_qv1FFXmGm0XB3vFJCblTHNm2-goiE1N627MhBoH6_IVwD--BwlHtYleCNvrMAdz2P0NhnHhI6OO2bLzIAzr1eT1fwBkHTM3yzCrKGChhjP1GkbDzl9dEJiYXsAFjjnI3b-rXRUMsHdn5kU5wK8pUiFfhLlAdNbTgAgAYJrOh3ipEPI2s6D5rH-kNZwVnj9yIzunuN-RBOwbQIPZC31A63oYSeeYA/media?key=AIzaSyC_ZZxoQjkItHwRpOlwiEVHPdQZwjbwRHU&maxHeightPx=800,https://www.google.com/maps/place/?q=place_id:ChIJWV8AGX7-VDAR69NQizhZh7Y,https://www.google.com/maps/embed/v1/place?q=place_id:ChIJWV8AGX7-VDAR69NQizhZh7Y&zoom=17&key=AIzaSyBFw0Qbyq9zTFTd-tUY6dZWTgaQzuU17R8,<iframe src='https://www.google.com/maps/embed/v1/place?q=place_id:ChIJWV8AGX7-VDAR69NQizhZh7Y&zoom=17&key=AIzaSyBFw0Qbyq9zTFTd-tUY6dZWTgaQzuU17R8' width='600' height='450' style='border:0' allowfullscreen='' loading='lazy' referrerpolicy='no-referrer-when-downgrade'></iframe>,,,,,,,,,,,,,,,,,,,,
Pure Relax Sri Thanu,4.8,685,https://places.googleapis.com/v1/places/ChIJiwRHWwABVTAR0pPhpeLhyzE/photos/AeeoHcIQTfNUi_ez71Erbj6fOuYmaM6S6Xa9yeKzFeGi4KFzE-oTPCLIGJRq9ui7HZNJbAF1N80WgBehiusxgazNG0eP8rr7u_d331pXh1STGUvgd-ctsOQP-j6EmJVru7yGwRcuifl0qKYf6L2HLY2CwUstld9xFqIRHnEG10133Yg-993U1pTtKbYDYgcFrPgVOogl855KG4YgwlYucE_sYR4QUYXqe6pFbOYJgVqvkqVbxUDFgD0qrdCDKmJtUyDEzMpXmHEZyZuZvfdWJl4UVz43kJbmIAjkox5OVCCz4TGksuYUS2VXzD2sckBi-cYIozuocOc5m_0E43hC1wNoUidLnAO21U-QAKDfKE9AnCFHLHhlKh5owbbHvUS1uKAsmhh_cgTF5oYTQ5PVBkfQ8bt7YcgeMWhEIsQb7w81gw5l7E8/media?key=AIzaSyC_ZZxoQjkItHwRpOlwiEVHPdQZwjbwRHU&maxHeightPx=800,https://places.googleapis.com/v1/places/ChIJiwRHWwABVTAR0pPhpeLhyzE/photos/AeeoHcIr-4rL_UjA-jv_V-mg2wVCC9sMuZqdGzdurJDUuD0Kg7ZgWHpw7xcUn_AQxh2dWPjCODwaexUWsdsymkqWRIofswTGM2ywX1XtAnsbgMVEp9sPwJjVexafa6RcgnY3ovU7yxr83XBqPeehoTN8zCeQVvikZMm58Et6UipVEAThogdhWu_LiKVbIPgFeIodg7dDEcymyUFaN970qtgtYSj_nG-yvUGhhISqft4L1sK64telPLd-bBK8OJL-7l859d2mVd7HP1Wjz3aQtv86-APk8aBkXRL3mtkmclN-JKo7K6TgB0DiBxXBDyC1eGUQTSJMZcwH0aw2wdHhTPin2GLAp6cb_70WJsPIvbv-S1SfZ0K9p4j7Cq-NU4Ss6CkrP3RC26FZPnfaVLOZXAoWRZNtKvHFDO3J0A2UmgYiJOQ/media?key=AIzaSyC_ZZxoQjkItHwRpOlwiEVHPdQZwjbwRHU&maxHeightPx=800,https://places.googleapis.com/v1/places/ChIJiwRHWwABVTAR0pPhpeLhyzE/photos/AeeoHcIi7tgVSLOodJ_D0n4nTju2Bqf1YlwicK5S6V9zKxnq4it_iDTKNCImhmcGkHhfrGuxOZqy8I-AkS-seQrXaQu01_1C8mkuepvBVgSjj6r8u3zqVbs_LYbJZlToBi1IFLQKL5UBRnzW9I0zZVCA-JXT8WvR-6kqww4ITtM679irb-V8dwZLjNoS14iFSVEneG5uMfY-HXNmKrhz05Cz6lCTBUtsAQk93th8e_nl9RVnR0SP5tw-DIaj64yjCLzfnn7v3cSjc4sC8OQNKA8Yim-EK9FhummPPRGVnZ1F_bCBhg/media?key=AIzaSyC_ZZxoQjkItHwRpOlwiEVHPdQZwjbwRHU&maxHeightPx=800,https://www.google.com/maps/place/?q=place_id:ChIJiwRHWwABVTAR0pPhpeLhyzE,https://www.google.com/maps/embed/v1/place?q=place_id:ChIJiwRHWwABVTAR0pPhpeLhyzE&zoom=17&key=AIzaSyBFw0Qbyq9zTFTd-tUY6dZWTgaQzuU17R8,<iframe src='https://www.google.com/maps/embed/v1/place?q=place_id:ChIJiwRHWwABVTAR0pPhpeLhyzE&zoom=17&key=AIzaSyBFw0Qbyq9zTFTd-tUY6dZWTgaQzuU17R8' width='600' height='450' style='border:0' allowfullscreen='' loading='lazy' referrerpolicy='no-referrer-when-downgrade'></iframe>,,,,,,,,,,,,,,,,,,,,
Lavella Spa,4.8,1018,https://places.googleapis.com/v1/places/ChIJkStmjYz9VDARadulNAMf5uQ/photos/AeeoHcINcmzvllkZQ_U2Sg1iDwop8bORF9Vkxcaj8NJ3OgAF0hGHpyKyMa_k3L2y1mPjtNY-eUp3aL_Xs5BnFU6-K5lDM7OSUrxoa0IwaK8Py6_w-_RcI8ieN8ZXVmx4vQgFrgBTVrM1_puIlFj5qaStSxaRpI2b9fPmgdB3DdM8YEgcTC8IFvef-d8Wu7gi9KLpz8YiLx796W7KEKEgeX50BLLfxIZMMgBoxgPBNGfVL_1g8c_QwLFvpX82t0MzBaTu-AMumrQjr1Do2ydAKs1IxbdHgwR0JnWTUXOaWny0xOD3Fw/media?key=AIzaSyC_ZZxoQjkItHwRpOlwiEVHPdQZwjbwRHU&maxHeightPx=800,https://places.googleapis.com/v1/places/ChIJkStmjYz9VDARadulNAMf5uQ/photos/AeeoHcKYqPsrUlSZAMsTJV15aHOz8u40maEQexVJ4YLj424z7FSqtTwCo76iLhdmhKX2M5YJX3E2mN-rY9oboAmTQULDZmWRxli4KGBZqu-Mka_rN9dOGQ9ahgJahGmTiLRiIbjD8MuDlEnvuVTPVZ4DRZIo212I1T7I-o2ZQGS-EJ6_IwJcundOT7oJ-OT9yKvopIVvK-ZVIt5y3TJLaRBC5MVYvzBqXifpbQTL3HoHri51ATqTO9dK_1OwI-xgMyTkAuhBLDFmi3JQjOCZO42ks3MvthXMUHNGjvzzCagQ3X9B_0rW06MqmDuzW2nZgrSLFVhehjl3pFHj9-zYdpxG7TZQrZtEPBEGaV5wY4lRDiRC577Lgfck3rCgHnCy9CtB-IJoW69gh1ybxWABQWo15_TTE-_AeLDVWUiOUYwt3mklyqE_/media?key=AIzaSyC_ZZxoQjkItHwRpOlwiEVHPdQZwjbwRHU&maxHeightPx=800,https://places.googleapis.com/v1/places/ChIJkStmjYz9VDARadulNAMf5uQ/photos/AeeoHcJ5RyeI9WRP6JSTiTBHJtv9eO6VXi86MuzfBRXR-Fqp8Q7-sPKWeLcqUiPL9-n3gyJCG3MP-MJckb9gEWbrWNwotPjLmqcBk38CQscbp4PpWWdAFYu8qEYaiM2Dc101wgwb9r41T9nqcwTR5dOpLdDUpgbhtYfmgD54CA2AoItmk2KsDksnJnSgD80yqnsTI32q7cEg77YjSvQFTJGj6GCe8YRDtJM4c404nth8Hm9DqY2MjDG8Txds-BjOek-MwsspkNfRvpTV5ZJxTtTkpTiXixebkCfd4eWm8721ayXFwYTi43X6S8065keojYX3ZR3ZRi5NMVviZ9SF67I58mX0tucfUEiiPH4vM8GEH7xqnrxyqG48eK0BAOEX1CXY1v7A8xJdgS93hmZmx6OzVG3pFamJO7-eDdm9WNg/media?key=AIzaSyC_ZZxoQjkItHwRpOlwiEVHPdQZwjbwRHU&maxHeightPx=800,https://www.google.com/maps/place/?q=place_id:ChIJkStmjYz9VDARadulNAMf5uQ,https://www.google.com/maps/embed/v1/place?q=place_id:ChIJkStmjYz9VDARadulNAMf5uQ&zoom=17&key=AIzaSyBFw0Qbyq9zTFTd-tUY6dZWTgaQzuU17R8,<iframe src='https://www.google.com/maps/embed/v1/place?q=place_id:ChIJkStmjYz9VDARadulNAMf5uQ&zoom=17&key=AIzaSyBFw0Qbyq9zTFTd-tUY6dZWTgaQzuU17R8' width='600' height='450' style='border:0' allowfullscreen='' loading='lazy' referrerpolicy='no-referrer-when-downgrade'></iframe>,,,,,,,,,,,,,,,,,,,,
Boonma Health Massage,4.8,104,https://places.googleapis.com/v1/places/ChIJq4j1CTH_VDARWiXnczguda8/photos/AeeoHcK1X-CIQoPG16C9wopBe6eZHVtdKX8mo5SomHI6we6BG1_tbN9mORFr5oMndOQbfHFHz2vGmaQXCB_9_2VT1DKMBFGEqkMYA2ygk34TV4M8Ux1CitDfgTLuXKPnDJjb-sNNxnvQ98UcwM_2qgKLw-1SblaLvFfDfobHgO425IMHytUG0nT9BZaEIkFEcxSq5bVD7WBZCXLQkKtW9lZtSKtaWJV2Ff8EZTP5nHK_3d3jpaLRN1SgwmX8sKDcdPitH0YwQq1cjR_ilZrzRRO_bt6Vzgz1NZvq0XtDujf_-Gw7AfY0MVkjzwr8F1pRKFDRZ6KwbQYff-mNyY9Fw74tgxdE-ZB8zoMaN96CGw0GYK-NKqbNW4hct7JS386eErLh0Pjs4fHCC86n_Ve6newCayvexY7pGIiVrVq0PFxHUJCmug/media?key=AIzaSyC_ZZxoQjkItHwRpOlwiEVHPdQZwjbwRHU&maxHeightPx=800,https://places.googleapis.com/v1/places/ChIJq4j1CTH_VDARWiXnczguda8/photos/AeeoHcLf_krzRreLvn4jRajR430BjoLZ48hi1W_MLZk-UTbEiOWZrunZjKcuvyKy05fxNb_2cydSoD6JECQcbEWXDuCsd9Os7OAK5TQ_jVxSNbmfQ4BLFK2Y5xNxBi3CPMnGNG6vSrp97bi56ZOPfg6LzknJkwyAG-lr8yrpiO9PWgHiWdq9Xrg-ZFnA6BakIhh7ksbsk6uCHG1716KhwjjKYWWEnRFAtLLLgsd8W19UT39amwblfAypz_HKL9oB5DmCUnsiAH3VOkcoRdfTrWwE7uQXdv9qzqprYbIk4J0UVOGSeR05ngJD3qQd-0qoPVZJkjEtgao0K8t0EROKL4jxiLQIEQotOW723fTNlouq4yuCo5trFjy8IJ-FJPPHAm8Un6A93NxyY0jASXcGanO-9WzfbLs4yJanX2CoHfFN0w2EmA/media?key=AIzaSyC_ZZxoQjkItHwRpOlwiEVHPdQZwjbwRHU&maxHeightPx=800,https://places.googleapis.com/v1/places/ChIJq4j1CTH_VDARWiXnczguda8/photos/AeeoHcKj3hyOn5uqtmKQkTb9HEkMHpQVEf1xHc1Gx3ia4yo8AyAB-RIGKFhRZn--pFYhSAEsKUmCY1xTQaHXxZUT45paREtuyPunJ3A0F2EzW1lSQgNeMUeLuBJO4qyYelqhTEabytKw8evUGOgx1dUVODQT5N4eLwm8eyAWWkQOxJ9qH43YWR0MN_TFtm5iLg5o9JqcSn--XK8HDmosdlYGjWmunGR1ptnm58oFTcovYttqNNPGrZWiyUveBQMcHktVD9nFp_AErstWwDUlpr_HkpK-iQhdD5wwrq5dgv-0TKPyirweK_dS0t28l1jUjkrgjNEEGD1fMQ16_vrFKEybiWzmCUvz2I9dWQZpt7PPpWxXU4PcyYYYr1TCW1gwWaWLvOiNFLbQ9j4mO_kyQMna0Tj5Fzc5TfuSG5aoeMfdcR-IcyNQ/media?key=AIzaSyC_ZZxoQjkItHwRpOlwiEVHPdQZwjbwRHU&maxHeightPx=800,https://www.google.com/maps/place/?q=place_id:ChIJq4j1CTH_VDARWiXnczguda8,https://www.google.com/maps/embed/v1/place?q=place_id:ChIJq4j1CTH_VDARWiXnczguda8&zoom=17&key=AIzaSyBFw0Qbyq9zTFTd-tUY6dZWTgaQzuU17R8,<iframe src='https://www.google.com/maps/embed/v1/place?q=place_id:ChIJq4j1CTH_VDARWiXnczguda8&zoom=17&key=AIzaSyBFw0Qbyq9zTFTd-tUY6dZWTgaQzuU17R8' width='600' height='450' style='border:0' allowfullscreen='' loading='lazy' referrerpolicy='no-referrer-when-downgrade'></iframe>,,,,,,,,,,,,,,,,,,,,
Amatrra Massage,4.8,102,https://places.googleapis.com/v1/places/ChIJEZ6rpMIBVTARip98p-uHmzM/photos/AeeoHcI6Fak4eDPxGfn1uF9v2P7-bOjspApC1it2E9RenC7tPS5m2dkzTkeYiUH2d3TCpDTPanUUJHIAQdtxEpKGA4VrjL_rrD882lAQnMWPGKgNyK9XahQ4fq-ODsQhDhYuSv-G4-9-MNVMwEw086TwwBVtgLgmei5xV191qqFNkPYZUwdmiaFQ1Z9nrqbxIrDADJu4_Vt5ioCDm7wUT9tch4UEVHMmbQfzPnsCl9a1ra56VcWXXNqev7C_7vzWxD8D0KaHFoGUbI5cx3qzYe-EZcepNuONliLS5CBgscq7xN1XnFVRjxxCUwN131rbu9iXuOA6PGkT2klwi6i0ltAa_xFnC6wgPBSQUA_92Naor2Sfz0P7MSAyX7ScA4nnhqaX6r-QoR5i0CLCqUwucfqHZOzBsDv8AA-aHRNPFBDsme10wCM/media?key=AIzaSyC_ZZxoQjkItHwRpOlwiEVHPdQZwjbwRHU&maxHeightPx=800,https://places.googleapis.com/v1/places/ChIJEZ6rpMIBVTARip98p-uHmzM/photos/AeeoHcIl4ff2lYlHghWo1rsxLlina_miuXT-uciiatfQJiBgT0UCJsDv857a5ACULOZDyZa2mGPWOQW6WE_f5pTTpdePzxMoYkBBTj7-V05nUAfsPUZAk0QO0NM2howD1srpl8yrbdTbrCPyO4qd_FnnxYFf2dSRzHR0FxxZaPj6NlOeBhyCvIFB5EM5KKkvjqV_IKvMCr3Aq6uM98QiNeftir559Q7UIHH5TdE_ASOn_D-NxYQR0XSqQ9FmSR6AdS2psqXkDVM_Y2DrUmCcUhtqDi-8xuzILRqvQ3zOlxNVo9QlUGESk6PKPHgjG6qI8biLLL-NxbiuVNUAKROl2EkUpJFS4lrNKVShQBTY4Ql5Q80cJnr0QN6I2-bUs0GwDtFPzdKr07DcxKVltAZTGvKOxkg9U-N-YzGOyyL5AuSbU6k9diM/media?key=AIzaSyC_ZZxoQjkItHwRpOlwiEVHPdQZwjbwRHU&maxHeightPx=800,https://places.googleapis.com/v1/places/ChIJEZ6rpMIBVTARip98p-uHmzM/photos/AeeoHcIYRbdTgEX0tVibIR2sC06VI4Frt4_6p5GoQE1tv_BpENwiTuA7dgYVAsQiSqDq3Pe5kVyXXvakNWtTSL2uadd3VFwfjYMyHOmifC9HFaldiD81r_PywZDmAuytUmvgRLFNusGXGQNkl6PhQdPMEWnu8fGYkq_Bc-3I_7iFphljyQZIdd6X5i6Ux2i_i91Bav8815E9lrA7a3unrwwwTasjtbyLlfgtb8nmBi57vPpZjsq-elQWZL8q9-o4Sh5Xi0Xp2GQFBI3mI7_yiwQqV_Vly-rIMLM69ZZK-YxHO7T931h6BogmBgaXCuc2OzpdoDWTxsSMoivft2zqe3i4eZs3bfndRdwqml4zJ3D1aaXkB-6YqB9QMVtrXXLacJD3gtDTsRlAiukB8esRDHWFLRksv9Oxvx_uXF8Gw-Sms-I/media?key=AIzaSyC_ZZxoQjkItHwRpOlwiEVHPdQZwjbwRHU&maxHeightPx=800,https://www.google.com/maps/place/?q=place_id:ChIJEZ6rpMIBVTARip98p-uHmzM,https://www.google.com/maps/embed/v1/place?q=place_id:ChIJEZ6rpMIBVTARip98p-uHmzM&zoom=17&key=AIzaSyBFw0Qbyq9zTFTd-tUY6dZWTgaQzuU17R8,<iframe src='https://www.google.com/maps/embed/v1/place?q=place_id:ChIJEZ6rpMIBVTARip98p-uHmzM&zoom=17&key=AIzaSyBFw0Qbyq9zTFTd-tUY6dZWTgaQzuU17R8' width='600' height='450' style='border:0' allowfullscreen='' loading='lazy' referrerpolicy='no-referrer-when-downgrade'></iframe>,,,,,,,,,,,,,,,,,,,,
Pure Relax Thong Sala,4.7,574,https://places.googleapis.com/v1/places/ChIJtxpiawL_VDARjPnVyveAVCI/photos/AeeoHcIIcn9bltYrnQD7g6htSWVrHsi3lAIrObzAGlLHFz0a5NJ3tM_Z0eP5F5QSaLb3Pa69IbKojDHWB_FofshmbPFj3NT_68pXzViwCv4ohKT4O3JC6cvZ-UXTyK_-BsznRSjH-NH_JVY3qMEnS4GfcWtjWMX0qxhg2sCQ0-cJXHJ2UYurfXPNYipHPdsmrHZDS2LglKJzmFi48PWkSATrjf4LDj0ckg9Re_m6SvnpNM7hcQYqqHSVKIPjcuoTtRPT2CS_m6mwxzBCjeq8mxdBMvwAYhfly6EnbXIASXdRsANh7k8PvUi8sKPR64TuJWSivOqgXnU9gQfI2lyaStw8IoB20L0jD1LegyA8mFZDnfBNsKfIPgYxq7liiFJyBkNPyV-x7Rx_FGYlMYTuHPh3n0qWwvDpKUm_uoPQt2A64t_1nA/media?key=AIzaSyC_ZZxoQjkItHwRpOlwiEVHPdQZwjbwRHU&maxHeightPx=800,https://places.googleapis.com/v1/places/ChIJtxpiawL_VDARjPnVyveAVCI/photos/AeeoHcL_gFYRgY5NxEt0fjNNecuUkRPTjIg4xKMdNDrXbw0AXU22wsyEYyQjREpmhT__vB70Tm9DEd9ljV5hKgwQSF6Oa_FxwZVl7ZT-RX1X8CDjQAMjL73JR6EM1-VsuKcyQ9BtXe4a42EKoBMpFCq1uGYG5mNWnO2OCYGZfHsPBbY33LeyB94homo00xjbcyND3zMsfbfdt1Ow4EqimqjFs6WGPHEAKtAIuA6RimXlP__ED_ySchn8ONudaN3YkKeHsC-zOMLTwaAlvKa2Rgr8-_YJy71Seg4KPtxVLHgvR2wlRVD1h-4sRml6yv5tYHGNEgXscUlWszb701VnvxAouJLOto-4Ym_X63JZwxwDAGv1--Vq-6nM_sxEzZD8kmcj2Znc2b1KDDFkZ8mjKoPUf6inP1rbtlHVojciZhmmG7m8_Q/media?key=AIzaSyC_ZZxoQjkItHwRpOlwiEVHPdQZwjbwRHU&maxHeightPx=800,https://places.googleapis.com/v1/places/ChIJtxpiawL_VDARjPnVyveAVCI/photos/AeeoHcL0tRGpuPHWlGA1DZyuv5qaUWUpd6tYcJ7JuaR_Wg3r0_6JQuxiTPnuQ33OhBhGAM-7h7Naf-NknS9vyUWU9M5aCWqclG-T2PUINeYm0uHARYI5CNqnJcgUlmVMcMsnvYirJed2D6xxcszW3KvquyUTdRDkMn1ErY0qgvLHRJUmsJWrGA4C7T7sp-gZqHGq_kGg5DG_1L9IqUuSLgBOrodS-bpqnOCcg1c-lmXTeg-gm16AtMOrcaLqDFPnyppKJy9SauUXha7aALB-jdLtOO9XqXqMLE6-n4wN1jjDCJagNA/media?key=AIzaSyC_ZZxoQjkItHwRpOlwiEVHPdQZwjbwRHU&maxHeightPx=800,https://www.google.com/maps/place/?q=place_id:ChIJtxpiawL_VDARjPnVyveAVCI,https://www.google.com/maps/embed/v1/place?q=place_id:ChIJtxpiawL_VDARjPnVyveAVCI&zoom=17&key=AIzaSyBFw0Qbyq9zTFTd-tUY6dZWTgaQzuU17R8,<iframe src='https://www.google.com/maps/embed/v1/place?q=place_id:ChIJtxpiawL_VDARjPnVyveAVCI&zoom=17&key=AIzaSyBFw0Qbyq9zTFTd-tUY6dZWTgaQzuU17R8' width='600' height='450' style='border:0' allowfullscreen='' loading='lazy' referrerpolicy='no-referrer-when-downgrade'></iframe>,,,,,,,,,,,,,,,,,,,,
Chaloklum Massage,4.7,213,https://places.googleapis.com/v1/places/ChIJf79JzX_-VDARvSkY3BNrX4c/photos/AeeoHcKJUTJpk972eAltAS1CDQPAeb0snRMfiJmPct1J1zJZRRU2zLA2xZbfkmhNTyHR--1dLAC2JkRW72n9-rDcuopveBbl1GXcHNVFyfvQZ5gh8Vr1Cp4RaCQ2bBC5Mf5DoeNo-uPGqQdZr8uLl-Ra_envSJJcgYCTdO7kif66nFlKJLw9ncbmCYjTvOu-f4Uh5rMo8VQi9hiJ6VIRP4E58K1FTfsHkzRKLDPw2Hp0svK71KmLQanOG4VqTarwxNfsRcHMulmkt1avfeQStAqHmlO7FxiajiRJ0z8ROvKfc4YOkw/media?key=AIzaSyC_ZZxoQjkItHwRpOlwiEVHPdQZwjbwRHU&maxHeightPx=800,https://places.googleapis.com/v1/places/ChIJf79JzX_-VDARvSkY3BNrX4c/photos/AeeoHcKKbKGhwXMCE635XtiF-grrIhlLTSZ3dOOoHlV_xs9oxrvSwZ-b5pBPLWXrVt7BXeljlbQ_1bYMta9X8_RU4JxuAihGaV_yVQwYpliQ0dmtLQgAtEaXpZxPoRMz827ibmxyxDZB37y7Mm-Yc8IbjT0E1vaFVXdDMVscLGFwRwEOQKzYKFHxxN9oJJcVR9OfZ_YMkU7zTm4E0Qby5z6GPYVRlR8EY-X83KVLpyO-gkIl0nFMJoWQuwsfZ1bJflaYTNCQ2LZGzWFsjwfMlj6knOrv-ZocmtYPDyaFeTT2mRLFxg/media?key=AIzaSyC_ZZxoQjkItHwRpOlwiEVHPdQZwjbwRHU&maxHeightPx=800,https://places.googleapis.com/v1/places/ChIJf79JzX_-VDARvSkY3BNrX4c/photos/AeeoHcIeNsnvcI9v-vyAn7ySDL_2OFUwT2kIg1yzK88wevrV6Dinjl2Tqq0Ax1E09jEnwtA_DT2Hrxug_6nVRlDUdcw_kBWd-JIRh_XcYf6NkBdBXsSSUAZm2oxGJgZ7UnpdCgemLFbVwSv3u6-cKBjhjnF6akmDZNFeVzg2a68Q8Fih5LAOFlZbu6s-bcGYoMjPUJeJkXUn_uUbzOn4cDMNq1EFIxk-T1txFyIqDCWkLYYzT9JS908_EY554MDXTgX4v2xxU-8Et4-ANXBITsV1MDjlRdeHNUBW-1u2rSyqSPgAjw/media?key=AIzaSyC_ZZxoQjkItHwRpOlwiEVHPdQZwjbwRHU&maxHeightPx=800,https://www.google.com/maps/place/?q=place_id:ChIJf79JzX_-VDARvSkY3BNrX4c,https://www.google.com/maps/embed/v1/place?q=place_id:ChIJf79JzX_-VDARvSkY3BNrX4c&zoom=17&key=AIzaSyBFw0Qbyq9zTFTd-tUY6dZWTgaQzuU17R8,<iframe src='https://www.google.com/maps/embed/v1/place?q=place_id:ChIJf79JzX_-VDARvSkY3BNrX4c&zoom=17&key=AIzaSyBFw0Qbyq9zTFTd-tUY6dZWTgaQzuU17R8' width='600' height='450' style='border:0' allowfullscreen='' loading='lazy' referrerpolicy='no-referrer-when-downgrade'></iframe>,,,,,,,,,,,,,,,,,,,,
Pure Relax,4.6,1587,https://places.googleapis.com/v1/places/ChIJGcI243v-VDARBDy273uUIMs/photos/AeeoHcK6Rgxfj80crcbnKr7b-O2sy4xpxUr8NyQ5yW1d3866C_1_J4OHwlsMU9zy0Um8YGW1W1anllHxgHC_JziJSYfsG8cT8B3mCGZ6-Agr7p58wy7Xa_IuoIQYFMu2vG7QzhWhsKF1A2_TiyogguiCWGUplQMdUwOQaxUUdar_M_EsKESLkM2XEVeNNCgNnXrXJYr8VXAFKkbHtjiqmVQ0PdMydwPG1HWlhbpNBlWqDkuVSz97J9aVM9VXv-hYfFpz7UtEzzMunYTg6iczv0uDl1N21iib4JhQedv-upF5u_kOSzb3LPfLkPAXsdDtSk9D7Ibjd2xw52yv8owKtFO0pbafhYRZd94nGqGosW_ZRPMn_GlXBkbJTIlom1WObjfAwRU12SGXlOze0ZVYqOx0ZQ_eySpHcclQiKfZwBJe6y5gKQ8/media?key=AIzaSyC_ZZxoQjkItHwRpOlwiEVHPdQZwjbwRHU&maxHeightPx=800,https://places.googleapis.com/v1/places/ChIJGcI243v-VDARBDy273uUIMs/photos/AeeoHcKpFuLGzsGJqo7SLLvWi0LGzWw0Xehzl5ndqRF4zG0PLFOJzifjUgOqllNr4osPyY5QDvMcXbu3NI4HZp5ohgR8b96gLV_m9ht6O7H659YHYYz5f7bgIX4YhOUM0ryef795Lqhg06VYB0QbM9ncDw3OMWpK2GopaKAqnEmwZWZPjLgEI0yKhVnmF4gs8aB0_R-8MTb62RKjkCNmFRuH-YAUH8wAkM4T8b7Cy_QwjeYYibxXUHayE3q7XQkIBthc2Zfej5pvwdF1K_aShWDf-2vO4JQuV-BpmwfAqBlgzqqR5gO3Noc0q5IvdVOf4uVxF4iNzbURJDVUClypf3eUgDBAdA7HRu0PcBwIBMDrzVtuwx1N3IjHD9sGYMo3i2b-VaZTZHiuVmb9Q7uk57bJ65cgyv1g7ZOzBTvWtWLRyHI/media?key=AIzaSyC_ZZxoQjkItHwRpOlwiEVHPdQZwjbwRHU&maxHeightPx=800,https://places.googleapis.com/v1/places/ChIJGcI243v-VDARBDy273uUIMs/photos/AeeoHcL-OMEz6p7XYEBZr8SCIai0NrVe-DdztFg9xAuR5Iafmss7cg_GO1BgEN1oNn-i-PeBYcCiIPkXIA5knga2qh-ZbqRrzYTyF8okw0fWFiD5Af-EW-u6svZW10CyNBUBEvEjc1tRKGxDIqgISb5f4TRJ0eIKDi87aEMSp1hWK_z_0SQ7caQXSlI-MzT1rMImMIfovBtADsUSgi9DlVGSlYp2HZVMNTAigfrSFasSZ8CQmoX8tVpRhVt2LJDx0g5PN2irpdnq5jKSMIVmiFBROV_HTfs9TGddK9hG7Lz-rC1RV-JUm5CgYSP7DfzEN0kWS8Lh6tg0r5gCvMQveYpO4p4KPOyo9UuwRTRQyuSHVsPlVZP9qUk2c59Awl1iqnXmHKf--UuGNBqRh_ds46utp_BY98QDxezd7yKmzuJrJ_0XD0aZ/media?key=AIzaSyC_ZZxoQjkItHwRpOlwiEVHPdQZwjbwRHU&maxHeightPx=800,https://www.google.com/maps/place/?q=place_id:ChIJGcI243v-VDARBDy273uUIMs,https://www.google.com/maps/embed/v1/place?q=place_id:ChIJGcI243v-VDARBDy273uUIMs&zoom=17&key=AIzaSyBFw0Qbyq9zTFTd-tUY6dZWTgaQzuU17R8,<iframe src='https://www.google.com/maps/embed/v1/place?q=place_id:ChIJGcI243v-VDARBDy273uUIMs&zoom=17&key=AIzaSyBFw0Qbyq9zTFTd-tUY6dZWTgaQzuU17R8' width='600' height='450' style='border:0' allowfullscreen='' loading='lazy' referrerpolicy='no-referrer-when-downgrade'></iframe>,,,,,,,,,,,,,,,,,,,,
REVIVE Massage,4.6,441,https://places.googleapis.com/v1/places/ChIJfVMuhOABVTARCi3lGMccMzQ/photos/AeeoHcLQ2Bg1DfxFK0-h4kz_kgv9cTVB3ULBT4mMTmi8FK0x4rNU7q3umgOsbpGgejui39-pFBcQKSt4tE11G7tQ-TVaZxjI6P1XF12uQIn-quGsUAi7jviIceahery8vNftvWU_IovlQyCea3TtvPXAdEEoDf7EY7kxilgkIfjsCmEy7a2pbifECFDrnEQRONjyQtdpfqjC3uAeNiadkKxG-WWgQhtXAD8MpLJE4sgCURsbblOob9FC42FgU7xQb6_l4NI0D7c9kmcE5RWvmuUoLoynB3j1TaW-niaN_j_hAYiefA/media?key=AIzaSyC_ZZxoQjkItHwRpOlwiEVHPdQZwjbwRHU&maxHeightPx=800,https://places.googleapis.com/v1/places/ChIJfVMuhOABVTARCi3lGMccMzQ/photos/AeeoHcJ2M3Hm5QFMU9KVr788hl9my7qIL_tJ-vSNkE7w-xbe1uM-KbcomgpYF0hO_2AHTG3XE9kv2KaSmZq71FUHeI9Ztzsla727z7nAfP8_6g4zaOI2YwxlqsESc4YDS3GpVTD5SEj0UTml23Lqp0UE8w4rnj4Ktu3UhPLnaZ8osokfbhjPae_eX6P3neA_3QFuUr8hmi6o0BqWhxbQwoMAje3lJ5fKs5lZEQL6cD4A1S8w5PVb2AFyZfYiyNdBRkNth38ivoVvyOXrctsWOCVCyOjpliyf8Z1fBNHDx8pBpb7lncSKCx3NvrMzEMiA9JTlF3PWVxYAy5RJ6JvJSIhKMxkLmyHHZhmHZY09xQcaHWHX3ymg4kSNnu5EcuFuvMeBPxwUl4gCC6ZxAqbokVDzlv8Rqm4GAOJfRGiA8C_PtCBmUQ/media?key=AIzaSyC_ZZxoQjkItHwRpOlwiEVHPdQZwjbwRHU&maxHeightPx=800,https://places.googleapis.com/v1/places/ChIJfVMuhOABVTARCi3lGMccMzQ/photos/AeeoHcLvRmEnJijfyzHJxHnOLG0ILGKbE4u6i7cW16p9J941d60TQ7KfmBEwEyGhfw9s2nOiObAruMNj0CQBH2J8OQ1diicJAlE3SeFvijq2CShHeXsKttA_cWA87Z-3Uf8TL-byJrzWHWohbc66bd-kJq0phFCXSp-PkBJ1fZQmIoS5ASJHPEq1O-f6nDLMyWks-GfmmbzNc19t1Wkdk2QBZoa5dNZiM_YPReShNeDK5CxjVQVvonqPEX42kyULwNE0RPYjnXt0-IObqbMeyrI6LPH_1p4ksOk39T-OKZ-UVoyOC_obXUt6UKNjC5PTeRgTZPp8U_Nu6cnES2X-P-BwBjDYe5x3xtPpR34NZjrqsqrLK_WziEKMJ9A7YbaiwEFs-w1mmdlEI4bkE-UdjeTaZhL05o0MOBqj1ZBxu-2xKtu34g/media?key=AIzaSyC_ZZxoQjkItHwRpOlwiEVHPdQZwjbwRHU&maxHeightPx=800,https://www.google.com/maps/place/?q=place_id:ChIJfVMuhOABVTARCi3lGMccMzQ,https://www.google.com/maps/embed/v1/place?q=place_id:ChIJfVMuhOABVTARCi3lGMccMzQ&zoom=17&key=AIzaSyBFw0Qbyq9zTFTd-tUY6dZWTgaQzuU17R8,<iframe src='https://www.google.com/maps/embed/v1/place?q=place_id:ChIJfVMuhOABVTARCi3lGMccMzQ&zoom=17&key=AIzaSyBFw0Qbyq9zTFTd-tUY6dZWTgaQzuU17R8' width='600' height='450' style='border:0' allowfullscreen='' loading='lazy' referrerpolicy='no-referrer-when-downgrade'></iframe>,,,,,,,,,,,,,,,,,,,,
Ratatouille Massage,4.4,139,https://places.googleapis.com/v1/places/ChIJD8AgatYBVTARO9BkkRtiyyM/photos/AeeoHcJhsfnn2qFGZbxH9TZeo0W9vIGwvMGyL3Q6tNRLaOBpR3ckqHNs2vNngS1FbbGo5mkTv3saN4gziDMKdTVBrqH_Id5AxHAIWYxX_Zi9bhUi55VYnHl7CY5W6vvIaeW6eT14LLnwffdrNZ9RSfhGGndhSGxy0k9lEWEGna4OZbn8CuvXUR0KxYRpz5SLuGqiPh4yWRS_yvoe5ASIIbQcEA_xtec0u_RRLFSYHq-3amwO5NBiclUeSl--t0gcGxcZbOIPecNQytPjjCAJ7u6l5STLYQyE9DJuToYqIV6we1hpGQ/media?key=AIzaSyC_ZZxoQjkItHwRpOlwiEVHPdQZwjbwRHU&maxHeightPx=800,https://places.googleapis.com/v1/places/ChIJD8AgatYBVTARO9BkkRtiyyM/photos/AeeoHcJD_lrb_0Pq8GlODydJ8m2ohDfRIFq77gPeznDAZUT2GciJDt-DC5R2JBemXsgdhs5G70M0O4Epsgz77XS75Mq4OXsLaoZV7b4JgSU3BcxVxA_YuyTBI9-hg0MlMOWe2HSR7-scZMrISZ6OrTipyCow4HBiZExkS-Qz8b2ya336l-uqoRGzBaq9djuPvZ0flMj8uKjM0vforAxiexbgclysAFAkkV2A2TrJepTzBWBEsPvo3iYQ2av2WsA0MISPZmzUUuKqwEtf-gHmd4Y4D3egdkrNe5u5_edi3VAmLO9DEA/media?key=AIzaSyC_ZZxoQjkItHwRpOlwiEVHPdQZwjbwRHU&maxHeightPx=800,https://places.googleapis.com/v1/places/ChIJD8AgatYBVTARO9BkkRtiyyM/photos/AeeoHcIBB_KbxP9A5GmBTB_b04sj4xU8d3UqeTHDh6OWMO24tGtLpWrQ7BGnNJKlTRLMvgRKvJ8EgF0GBhuCGD3PWj3s0Cqj6Ut47qqsNTB53splpOm7XTHOQqbjOU_jvz-CuKfUNwImY-fN92B1dOLObYael7-4mOmAIfxrUkUtcDR0B1NY1StD29ka7XGYMLHBfB5LDzvwVuLpHFQUxzxvIIb2VjRKrDp3ZZiEOyLGuOHcmEJmg9XFcJX9dNGqB2K64TN_-0oDWM6Qf-vzMrU50-7DXbe6fIj_1r9hihH2ZFdEKg/media?key=AIzaSyC_ZZxoQjkItHwRpOlwiEVHPdQZwjbwRHU&maxHeightPx=800,https://www.google.com/maps/place/?q=place_id:ChIJD8AgatYBVTARO9BkkRtiyyM,https://www.google.com/maps/embed/v1/place?q=place_id:ChIJD8AgatYBVTARO9BkkRtiyyM&zoom=17&key=AIzaSyBFw0Qbyq9zTFTd-tUY6dZWTgaQzuU17R8,<iframe src='https://www.google.com/maps/embed/v1/place?q=place_id:ChIJD8AgatYBVTARO9BkkRtiyyM&zoom=17&key=AIzaSyBFw0Qbyq9zTFTd-tUY6dZWTgaQzuU17R8' width='600' height='450' style='border:0' allowfullscreen='' loading='lazy' referrerpolicy='no-referrer-when-downgrade'></iframe>,,,,,,,,,,,,,,,,,,,,
