Name,Rating,Total Reviews,Photo URL 1,Photo URL 2,Photo URL 3,Google Maps Link
Sodsai Health Massage Branch 2,5,357,https://places.googleapis.com/v1/places/ChIJ3TpUveDxVDART1A-OeG40Yg/photos/AeeoHcIUmSBmiQwqH3izFOZSmzBanmS5678CcNSMrR1vPcH7rACD1gPMqPwnHXs5TYCHjdNwWOB-ghOO5HHHmj5699cY3iLF6dJ2YTKk6t2IwlxMEGtfyGaaRaljs3PKuRBCldFTZ1JVbOHkuZey6Ogu9sZkjUDJEBnEnjaMfGaWq4J-G87In8RoLUC_FOWtlKKCj_SlZW3U4TM5hq8zCx88nR_QLeWs7HtwmBS2QL08rv3NI7WfzKN9XA2u0TKxMd-WqM-6uJq-j_FwwUA9-1McLFvkP6XFNTDCs-fAhNEAh36N2eTvDyX6B9wxu_KDZd1lkXj5ST3KwXinE3RefQ8yw5NSY4n_0wDPYnzdV1vaPEUUawTPD_NWC5sh3c0rbHffw9LZOrjDehb_DVOpvxJscYYOpEQ8OcQkTllLJN3oDGFkqXGc/media?key=AIzaSyC_ZZxoQjkItHwRpOlwiEVHPdQZwjbwRHU&maxHeightPx=800,https://places.googleapis.com/v1/places/ChIJ3TpUveDxVDART1A-OeG40Yg/photos/AeeoHcIXJSHN9-Sfz8xcp7u8myg9FpCnkRLpP4EJa85gkD14yQDiS1BKHHTLPw4VFvRiC59FJJ5hi0iKUcMeuZKlqyxDwRd14LkBf81qsnYFogwFcd9FXKiS2KFAwHz8seagf8aE-zDXTTVcGEOGT7dWSgtU04VRNIYl8ezzcFzg662H0DUDSQ5GIPqZvsjZ4vfMQ3kk63IJ3mOOih_XupvXPJRyhvRjYmeZae4z6IdGAfevoBobXf0cnXXQoC89lo6L9OHeVgaUk7DGVCL5xCFUhqWhWeEp4vM3cfYYYPXiNbIitw/media?key=AIzaSyC_ZZxoQjkItHwRpOlwiEVHPdQZwjbwRHU&maxHeightPx=800,https://places.googleapis.com/v1/places/ChIJ3TpUveDxVDART1A-OeG40Yg/photos/AeeoHcJfhRZFsTTYonQRlpxOwqoq6X945MuxGuL_IzirlK_uqv2Nti1oxT2ievQGVqAZlpPlkIZKA4tZdpPhTGI37u1RXhOTbZdwDVwSsemJSiY18HYZ0DWHlvVEzLvjYaU63G-lTBaSAgZpZnkj05IOZFRLHzvA4YOf3nSjaxa7Q_PufNKURHyenOiGNXTGiGbxTl-5-fZSS6aZ8qP32dMNRdipmRn59sBiqng2IwNPQgtaFak1k34mtpTAUf7zwTXztNUAIFDE7Jv4v98r1FDjwjB8rkkzrjhaz_jiLtMwgXi8PPWInNI6WbJur2trCrcfR5qJX6UL0VSQF-CPIF0fldf7u8OfroDFGlrJ6X5A-YOj183fiIlI-aXLf8a4h58oNG0hBZ2IWr5HUXonNeb4eXhGbo-vxZK-aFpXEbcBjwk58tud/media?key=AIzaSyC_ZZxoQjkItHwRpOlwiEVHPdQZwjbwRHU&maxHeightPx=800,https://www.google.com/maps/place/?q=place_id:ChIJ3TpUveDxVDART1A-OeG40Yg
Serene Massage Bangrak,5,38,https://places.googleapis.com/v1/places/ChIJ6QjJDLjxVDARXiV-xIG0wyc/photos/AeeoHcKZwENCaudzMasx4IGSiIgesPGO4m7zu5bEvaIrmarHEuEOWXrphsLN2UwDZ5TWQpGllJLVXxzrt6ZIzr20cXzoT9URQMiQX3WeMh-9EMClkVQmNfqbzjM6Xu5sybzADOXDlIqq0U8D0x-6zAjMbw-gcxOPmihtWtY3DvYRUaTH3UpVZIrtREn_IBJpwGBKUcGsz4_VEKF9z5ehrzfysnL3k5ekYW6gWmpyiZWQlbseSWpYAsIZmsBOlxk1EhiXxTWXPWIejjyKZ3WTu_dvPdV2WEzUk0lm474zWwlUxHJidg/media?key=AIzaSyC_ZZxoQjkItHwRpOlwiEVHPdQZwjbwRHU&maxHeightPx=800,https://places.googleapis.com/v1/places/ChIJ6QjJDLjxVDARXiV-xIG0wyc/photos/AeeoHcKPe-WlxfQ9f7dLVeAAj-pGjxw6-ivc_P2CDBaF254rlYwLMStNWfzewQxdgZUTKUoqddQlJ01CkBfM6UHsyJHoic2lj5u3IKbgbJX3wZvS8pQUApKbWVxS74evBMkEPUK8jyelYqe14V4K5JYfTjNoCSdp-P-eE_fMzrL8CUhiGIC0Lgpofj6QjvflA7GPaSkWJWMrTVKLVI3FusesPgUe97V_sjPDV00zQoXsoLTXfCKjfV7XXJ_2xOcK9uqMBU9Txji5QqqNlnUnVx0Ncq4QQTk4mM9iNwrMDdsoMaV-gw/media?key=AIzaSyC_ZZxoQjkItHwRpOlwiEVHPdQZwjbwRHU&maxHeightPx=800,https://places.googleapis.com/v1/places/ChIJ6QjJDLjxVDARXiV-xIG0wyc/photos/AeeoHcLKZX2K6U8Bhlwd0hWvynEbAmpoXr2-IuSDXqrQvXiGuKXBeGmUQ7mccwuMQ9igKcxp1moF1P5plHODfKPAld39-w2ErRpQ2UpQbsb3IDBk-20d64Z57gkqtL1nvkpTq9lMMrnbwjvkWAns0pgNEgZ7gaP2jQfAeDBByaB_0SfcvBFksmG6tlF3-vcXWwyrfx-JE2a-0qGh7slqDoD6JP9mxd2DOzqWe52Jefh73nUWRT8fdSdMaaZ_aYnltoiTOvQ-FFQ70GUVcMI8oxoFTdgIhBQKJrqc7qoWSzLXU9daGQ/media?key=AIzaSyC_ZZxoQjkItHwRpOlwiEVHPdQZwjbwRHU&maxHeightPx=800,https://www.google.com/maps/place/?q=place_id:ChIJ6QjJDLjxVDARXiV-xIG0wyc
MARISA MASSAGE & NAIL,4.7,265,https://places.googleapis.com/v1/places/ChIJM65G3HrxVDAR-KWZg6o2-uo/photos/AeeoHcIzs6u5Mo4B0cUc1GWAQU3bO_3NNZvc49s7kJn1cUbJ52fKlAkB3Mdv5H7G93l4NSQYu3Zc5fBfy2VaPIervk0yu-PH9EAeD6QpcouUqsg0vo0HBLAULuE10CwoNE6JEi0Bqmr2fQ5AL69BNsdXTe0fK4_jZexU9NXAm24ebpXcDHgEKYrtbKS10Rhcg2utw6_Ka1eAO98WcSoEWYAjomE2-ir4cvVA3_NxcVh74WAsESfwCuz26Q-U9cwnCzqZIovqZfTmFtl5dG4tbjY-y6N7hKLIvuaf6m42gUAFxzp79A/media?key=AIzaSyC_ZZxoQjkItHwRpOlwiEVHPdQZwjbwRHU&maxHeightPx=800,https://places.googleapis.com/v1/places/ChIJM65G3HrxVDAR-KWZg6o2-uo/photos/AeeoHcIxkPn3hLWwvwUN1O8y4x5gBjpcLWx_xjLF0K00rB32vZMZ_C914rwdIh3l928QvZ5-5TLLA_tXBLstwrW8RoO8rUyr7Xu3vWjeKnGBguFGRqG1HlBsr7bQzkm53hfQPBNAUeJgN8cbJwpf7JEpRzoc-hwhFZcM-u48xhNJKDZhxI7ZNANJHhjQn9Ot484UpqNLtlXEFjpy_q5qukyxxEBSkKQNW6ggJOJuDULwZdBUmjJuhYTZr5DElIc55Q6Ewhd3-i0e_kKPAeDTVrMK9Zc3ltnD_Fv9WbZjlZjSTJfhZA/media?key=AIzaSyC_ZZxoQjkItHwRpOlwiEVHPdQZwjbwRHU&maxHeightPx=800,https://places.googleapis.com/v1/places/ChIJM65G3HrxVDAR-KWZg6o2-uo/photos/AeeoHcK-6q_ec4sdN9QmosF8RdERBd1e0PLTy5PYYz9a0jwiGSXFy85OdYEfGOJ_GIxyCqmZmKDNbeN7FBE3x2AjeGPkziexENi9NgUC0aZcAta86uQqr6t7mz7XOyEhOIKsebR4Bo-U5qiWQyLBC4Z4RxJxaLzn8Zz_DVKVDU4tSiw7NOwLMX9RO22SB1HMLr7L1my9Vfx81KeuVaz3XIvLBWiluoeb7S1rxpyzX0DRsLEUzSGO5qJ679jgo45rforiYFbFdqAhKCsgex73-AS-fwfKc1q27PrKN6UJiFsCUbtYNw/media?key=AIzaSyC_ZZxoQjkItHwRpOlwiEVHPdQZwjbwRHU&maxHeightPx=800,https://www.google.com/maps/place/?q=place_id:ChIJM65G3HrxVDAR-KWZg6o2-uo
Sunflower Massage & Spa Bangrak,4.9,143,https://places.googleapis.com/v1/places/ChIJsaIBRlbxVDARkMlzkP7Gyd4/photos/AeeoHcIbrpYb5q5pVaMjod6T_60tHDSk4vug7uyR5T1tDdGYjumDygwhFbgKib0x0IDsTaviRIb7UA8fjTdEZo75IC_IZdQ3ziy5kyG44XVCDR8jU7jggrRVEwnfBFwYwlaPIEvJeIuqNpRaujfoI_-oNve3OtEhQ06Dp7znDlBJtkEl_v1rLFHgOpAaqFdWD4ix4kx8zT9YUwJx_ObB54WKSGF9OmONzCbbe5WPAkzwZjui1cMlpIXu0cEAjmrhIvP5274ZgBtlJyGABjO8vnytpIu5AKw9FPYDsc1kDPwlgsz4ZQ/media?key=AIzaSyC_ZZxoQjkItHwRpOlwiEVHPdQZwjbwRHU&maxHeightPx=800,https://places.googleapis.com/v1/places/ChIJsaIBRlbxVDARkMlzkP7Gyd4/photos/AeeoHcJuyRarnUIigZ3bVV90C5WavB7AvfTtB9_cwfUK91XXCgWv-pAKDGSvKNqUiLFWtzkICPHxvtuv20OfEDbqTnIcPgGXAPSx3-LxP1JWdgOXtaUSAPSb8pM0BBjdRxPCR7E_pJnaFQHartH1GbvoZjLGa_hFRxmBPolMvJVagXpIKoJkWg-RO0Ejn16p7SaENUm8ybwMC17LS7T9cc_SIrr46Z4r3ZgMKEKjj_0H1XXSmLORazLYVC18PtZ6fmrMb-N4Jj8oJmfQMIW3Q5lPHKzSYjRBC3bGWrrjID4ZYMxz3g/media?key=AIzaSyC_ZZxoQjkItHwRpOlwiEVHPdQZwjbwRHU&maxHeightPx=800,https://places.googleapis.com/v1/places/ChIJsaIBRlbxVDARkMlzkP7Gyd4/photos/AeeoHcKGa2w8o_JmBXM-aCXMcRlHPdQZXn41JbaEcnu31AmTKceBWvCMn6jovPSfncM6mWOhaT19Lo3okd08X4JxoS9xlXDZkNP1uso8iptn8sWnIJYex1Qm91AVZFNFYRa0_Dcj3O6pnlTduIeeVuKTwswNSFoD_p11KU4-0Eo2HDE5xBIKNG3RD3dcd6rYAGBsL3k1mMkTj69fJCFbXo_5VkAgpCF3Om5uxd9lS3d4EFHEXXzsebRPRZJiMmT6bAA-3PgCI-dKzpDnCKjERI77EhYollv1H0TfcDRNN-ltUfNE9rdX-sba55r6dQVQYsmR2Cp4vc9vsL41olKE--QtQlRuFhSyKJUoCGZT-3bINAwZpZ-L6-MBkEpg_oTJCy4xhGowxXIwC6MuTvbdwTPdrHRLfJoK5PzrYTCwSQ/media?key=AIzaSyC_ZZxoQjkItHwRpOlwiEVHPdQZwjbwRHU&maxHeightPx=800,https://www.google.com/maps/place/?q=place_id:ChIJsaIBRlbxVDARkMlzkP7Gyd4
Urban Thai Massage - Central Samui,4.5,705,https://places.googleapis.com/v1/places/ChIJD6SvC5nxVDARQyPZDD5U-zQ/photos/AeeoHcJC2ecNLXP0mmwuzhVr5idNmF1lovJk5KH9KZxeBeWKSYNVUxlVqHIjZbku3lJ-hNynp8QThpzHokSOnYNuxqYYnjGzkDFWpXhytF5n7nU-TqaYg91WR0cfEYZOZ1f9Q9sf9lbPPI80ha5l3Np4wPzztaI2Wc5aCLUAeDOXRLmlGcNl07t0nfDg3j4hf700-N7d0o9YDcPhaIrvWCMUrPNkcvl9WZFFvYr24yGa5wfwFFk5iCdItXetgtRdFySVTWQtIKM5fK7KoV6jHAkuwLF2GZPjBlt77VvxtvUzuZdARkvDxjj31XRxvEODFDVNbhEHyGBmrpCwV-YdsYC5EKW6hLHk17vMNJSsgV64uq-OD25yBWPkQPj1XeEjaCok_KQJ0_kz7JTZ_dbDp9GZJUjxpN9xJUz3ALHGNeQaLOGZkkqU/media?key=AIzaSyC_ZZxoQjkItHwRpOlwiEVHPdQZwjbwRHU&maxHeightPx=800,https://places.googleapis.com/v1/places/ChIJD6SvC5nxVDARQyPZDD5U-zQ/photos/AeeoHcI9Z6onkNFjKkOUZoOhDQzy7G0P-GJXwFRnUCpenhw1l4gG-Tjhzb6Dnz5iRI_zLA1YUbPQfyFNbn3-WvI6mPxvC5Dd9kM4GlVEmWU4-6HX9qiHQrzxGtCnJR-FeQtEWzLkgsvB_u78QmncxoHdi7UVwo6d7tm1s_P7hF2ABMEqZ9rePxL7yp1Cco2NZu6hXPHqHc6g7Z2LJQYU44sdiCJwcJcfLbqcLbJZxUaJ-LwBpNk6tI_nzns166Asxwj0RFkw5eTIWaI_EXFp_mT_CbrgGwiXZH3WPmGV1pb7zT9lSnB8rX6kvLsXUyWj54inwO3sEbAilZr1ryuNE74xMrJC0dncDw8HELlQFZjzWufMPlhurNn1Un_j598vNSk5dG2m5YNDmtLhv7AfIbtkAti8CQme1D7hkauQB5yy73XOO-61/media?key=AIzaSyC_ZZxoQjkItHwRpOlwiEVHPdQZwjbwRHU&maxHeightPx=800,https://places.googleapis.com/v1/places/ChIJD6SvC5nxVDARQyPZDD5U-zQ/photos/AeeoHcIQwvqpWGJtTxSC5YtTYYB-yQL8wFbjwpkKQbKOSgB2UNhqtoT8yhD8_QOJ3gUvjiHmS0Xo2cC9rKJm46Ao7X-b2KuPHGSfG1SoWeH3bIETT1AqsSus8GKC6B9BfBDbinqYbW2GHvWrHTsu2YabuzyjDWDmfjbxEQH6E7TDjiglz6IyvLgpDqMobMgcS4F4aVZJk21XPjDssoaz4PaK8w80kEDIi7F9x2ZJZsMAvdE5MBBtH5TF9cp8vyGvGRiz8MjiGMXYx1_jtWqA4rM1tSlqZP3Ht9ev1hPTxVHVJzUq5aImW33cqBvyWICJScjJ3zFD9L5tt_zQM23Lx7hq5x3I0FJxTQJ2mxQa59FZnYbVg72NFB01w4GWw_37eDvZP8VQKwQt1NB4XnMCbt-SeHX3_EnIsU4Ynz0ULuEW86raEg/media?key=AIzaSyC_ZZxoQjkItHwRpOlwiEVHPdQZwjbwRHU&maxHeightPx=800,https://www.google.com/maps/place/?q=place_id:ChIJD6SvC5nxVDARQyPZDD5U-zQ
Bua Thong Health Massage,4.9,37,https://places.googleapis.com/v1/places/ChIJoYiYcgHxVDARdUpj-EW5Jv8/photos/AeeoHcIs2nN0u_AvSSOGv5UwQb7BTS4qMI7K-RyWjdhjoHVUolgrMBf56Tn96V9O2EZXZTlvs6XFxqq5xJJYFouNM-n0aellxhlb39oVOZjgk202Ksl1VfZl6IgJbfG0RwbW0Wd0IlFhdl6ih3fuAV21z7JjbRc21JYT1rCEMKqlUeMOmeeTGMG92JZV6eNI-Q1gzwcSuZN_zuQ6AFg9pU5DEXoKFPrjHkx0IYm0UE0X5_TS45Yqz9-HdL5va6fM5eIBxH5dJEY2Qje2tU4g8JzeqcmPloxk000xZTen7ds4-6Y5OgTiaKP374lp7KH-tpP2oOA9SPDnRbFIAOEg72-rRFqZAMzEYixP6nLXtFT2jjB3e4QbR_OomjRlAAll7mqi00Gife28WgqUJLoSKD5siTms4FPL6bdHcSAKnMz7xpu292Kc/media?key=AIzaSyC_ZZxoQjkItHwRpOlwiEVHPdQZwjbwRHU&maxHeightPx=800,https://places.googleapis.com/v1/places/ChIJoYiYcgHxVDARdUpj-EW5Jv8/photos/AeeoHcLoYmNBxPWgWLboLaZ-ixYg5Q3cknr2auwhrfvuPV7nXHzjLRHy3r2WbdIONS3lNNXZCgK86ZhUG2UvkODYcvr-oZIGLMlm7fpGuyj3Uf8bOAxyDBh72Hv4VO1k8UBq4jxLEWvfD7b3F4fQfggMj3hIMvf6tZRjdo98QW_rc0lJyRAG_IW5NJpkx8WGw1O1bAME2ZBvRt0XQhkGsHhiF4FCwXvgbFG1PEF4wfDlYb35-tbx5Rn9ep5_OKDQQZiOrI_gIM4peZb2nACyX8Ed64xr7g-Xyz8VeNMqX2yx3lpiNA/media?key=AIzaSyC_ZZxoQjkItHwRpOlwiEVHPdQZwjbwRHU&maxHeightPx=800,https://places.googleapis.com/v1/places/ChIJoYiYcgHxVDARdUpj-EW5Jv8/photos/AeeoHcKAtFKvRa3SGZD3MVEZqB5G_GVAQxsdLWVCg7_9qp7Uf38WNFVmmL1tycTQO3eJxGsEyVPwDrDDhYhFD7Q_CbRq6U1evVl58zEcNz5h0ekq2kjQ-6iBdOBYMTFqtxRa45S68kPjRYcsmTitIcr0HF_M-GITk4Pfi5dGEx9kQ4J8aI2-fTWjtDALAqjQkeQn4QOioJRGcslVortO3iHdgxO9Q5h4O5Sj9dm2I7g9IXwG7spk-DvaSOhbGI1BiUuVZh5HkLdbmlkaIXQ-9vm5q_7vOCNthD0Yi03VMZnLArOt3WgKKvIWrPXeofm97MOb17NMBEJXSbDmcrHwlzXlO5OuJkpbVl1Lb4iDz6UcaKYS8uRQeXL7qNqh2bZ6jickkfy6LjgSreeEVnsvl_g8uBfaWYxVXnfiIWMCWfk_VhFvHQ/media?key=AIzaSyC_ZZxoQjkItHwRpOlwiEVHPdQZwjbwRHU&maxHeightPx=800,https://www.google.com/maps/place/?q=place_id:ChIJoYiYcgHxVDARdUpj-EW5Jv8
Ning 's home massage,4.8,259,https://places.googleapis.com/v1/places/ChIJOTJb0uDxVDARh7ybAfh76ek/photos/AeeoHcIVhBjeNc7dcOhNOwB1mabxhCGlsiqvjRhj_tZccQ6CWJvKE7vaO9AjvAfRVfX2OLiaDKWLJsfylQffklSl6fhXgF8rFtdufOJiBqUDPqU4UivkXdXtVDxH-PWILNpPnE-mg_E80T5BZF85QkNCzXNIgHuW-q3hB7mhTg_E6fPrSlWdncyA5VY0Dc8CPkZ-givzrVbwSDue-l4NsPZpKPKF-XuHVnVvlx32_c7dyolO2OO3cTpldQyGJu7sSBxAvMo7pnrRRi14VeZITB3TS_Xv2zsVSOAXynnLKekk-JiPxA/media?key=AIzaSyC_ZZxoQjkItHwRpOlwiEVHPdQZwjbwRHU&maxHeightPx=800,https://places.googleapis.com/v1/places/ChIJOTJb0uDxVDARh7ybAfh76ek/photos/AeeoHcIBz1D81UPih9eDSlsEDAbZ20W0ms_wqn8k7EQOx1V8HXa6V-yF_FqKWCriuyeiw51M6eLUFBgudGFiJpbOhtRFbDpX9VZzRbGddomvfDL2Yn3p6GVJf44iWB_Akbu26hMYnZhqWbf1Ur8rGradGX4ADWce9azfpZnMYB1zM9ISYsQeUfySphInuEwlfyzvvHamQ3ZGeBm5iHHMeQfCxwidC_bnZHGys4TkjYGUhmJEkSs-AjwJeEwfQMln3dsHAxrW6RRvD-O9K4KtFWzieFTmuPZHaABs_N4AcIkHlUeXmQ/media?key=AIzaSyC_ZZxoQjkItHwRpOlwiEVHPdQZwjbwRHU&maxHeightPx=800,https://places.googleapis.com/v1/places/ChIJOTJb0uDxVDARh7ybAfh76ek/photos/AeeoHcJZ-Qcr8fpaB5ZT8VhYxXjtF3ju1Cr_WjCtSyvvXFblRy39FQPv2s3G2ydcAJ0rcTPXAbB-SjXnOKrPPLU122UPkFAg9f3vF96pEqNzD6eIa9UqLKRfoO7CP97y_BnwncBK_8WHG9AWE8HIxEti66FSNuEztPDJ43Ttp_JXoxaRp4GVjGoMM5JlUt2OM7vywFNXvCrHm7WYcIom7rqIDoL0Qtcks6s9u9lwOkqUhFwPOvOHGAKi6UyA06-pHnSW4KLnSZKGjilkFs41WXAr7nAwBCw6PjQ01NhSpxyk-XDt2g/media?key=AIzaSyC_ZZxoQjkItHwRpOlwiEVHPdQZwjbwRHU&maxHeightPx=800,https://www.google.com/maps/place/?q=place_id:ChIJOTJb0uDxVDARh7ybAfh76ek
Siam Beauty & Massage,5,176,https://places.googleapis.com/v1/places/ChIJwZYe9XDxVDARHVBtzn-fg38/photos/AeeoHcIZBwrUfzTQ-gzUo3iUe_EnS2iqWJSOCqwKd5sE0tD-5OgzU536h4uuf0Vna2msHdYLbhoYSgfIVpUx45u3PjXGmR6Q1ap6EL64MSmyDh_futPiXrM0I0gwvTSdcgHOMKvwQNtm6knvVH2ebIWSe3EF9tZDumRYhbQq6P9xxFcBLosko9KxFDC2mIEHVgaibpJ_ZNZ0Z_yFeHO99T5RQ0zsjINM6CXemzqD1nPYEKWfzMnNzkU9MqfZ4H_nsCfBbitgiBVxP9XXqkgdvvE4QihJO2KR1h5GwEBqkL_0mxoAhg/media?key=AIzaSyC_ZZxoQjkItHwRpOlwiEVHPdQZwjbwRHU&maxHeightPx=800,https://places.googleapis.com/v1/places/ChIJwZYe9XDxVDARHVBtzn-fg38/photos/AeeoHcIlolDA5zd31cnSz390h-2yzGKh4n1iEMBLwr9IpB6rAFIa3PnmtbwIf0zRO238vu31Vr4AwyazUS5sGNMJmNAMRrVWEma7R_MyGxLiXRuTcU8Ut4JdOdcI9u1rZ6o-JAyLfCksCxUZL-qDotSfhtPvnumXoM_vJhOOzSs0QB28DP7vhkk5O66hXBT0FQsjid5V87a5SPIJKEdnqyasWt9qZtMjPRLgc0Do7WVmiEteUBg1iUPDSSVdDAveUNBPC0TaSUet0TgbSnSqhkqzwEiP_SHRWb8QYIgy5y8ViGbOLA/media?key=AIzaSyC_ZZxoQjkItHwRpOlwiEVHPdQZwjbwRHU&maxHeightPx=800,https://places.googleapis.com/v1/places/ChIJwZYe9XDxVDARHVBtzn-fg38/photos/AeeoHcJpCgIXJNOg4goOlXvXwdFKg9dsBu1zQnoBF2jrKzklbAxHTB9zZVD6wUEfW3swtcR7fo4PwXHauQwfZSwKiN2boSjsfwtax7GtcTlbhI60iZejAs3OLcgNExelSHOlL-Ai98PPuLZEvzIXj2VRfS1HpiFyvwtPfJsQ-8GzDBW2h93mn_bJixr34V9I_I75nz0fq8p6sRGgAMLE15yRvrViPKzSkGg1LpDIy_RYBkZETREJ7s56QdI27qzICexLQDVdN9fsfRZ4OD7xPVT_Kp_JljgNb3yzbJuPHoYQTmuXtg/media?key=AIzaSyC_ZZxoQjkItHwRpOlwiEVHPdQZwjbwRHU&maxHeightPx=800,https://www.google.com/maps/place/?q=place_id:ChIJwZYe9XDxVDARHVBtzn-fg38
Relax Spa 2,4.8,121,https://places.googleapis.com/v1/places/ChIJ_xNXLN_xVDAR4JGULxKWNRM/photos/AeeoHcI0OUWv35lYtrGeZoVWq2LCB73HhkZeqoebZPzk50gPJtQikqSBhzzXJo8Z3i5GcLEscWRSeBVzxnS1adR_Awx4pbTQoQomOhuJDuOPFAFmYT_tu5QOyIq7SG3NW53JeOHBw9p-aCv1yRD4LGkXHRWfPzpv_wki1YlgMQfvUqi9wTQgRf3fVWnAnMN7iY-oAX8T_j1hgyDTTrGf4xg_55kevooW7U_IRg7kscgDGr_QLIHgG1mCT8jk-YXcm97HaMBJKNR4DWBYS-rb_ebHicwecZhSEg8CUjLKg3a85izxwg/media?key=AIzaSyC_ZZxoQjkItHwRpOlwiEVHPdQZwjbwRHU&maxHeightPx=800,https://places.googleapis.com/v1/places/ChIJ_xNXLN_xVDAR4JGULxKWNRM/photos/AeeoHcJlywDfkJNbCAw1J3HnX8hRyO1c8c1Us3fp7UCdqO7Wd6S7ihqs8oLYC3reoHm-Q-G_jSjLTvP1tkKC-p2Nq5Gi1DSuq_L8s550g82YhzY1V9wKCEsWHyGUNslzIJKcZ6Ez0QtDcc3Qwi1_Xg7hb2g7v7o1fjJq_mnJDH6W5ZkZkb7vyNOAm8q9TwlNoeDfjJblZ5BbOwap5x4lPo_r678QK9jK6kGp7XDPffT5RpDPimX7zyXGZog3ustLySYXefGdTHvuTMamae0c2PpEiVPDDCN4VGsL-ZT_jvopGbEerNVlLIKhiG77eZiplR4tFCRtKMCMvL6uhEEo2WqRPi-SISaCAFXGcucrDyCnXWAIGmBOkrpeI3o1COAEYPjQiYNOJHDhzvnhN7LhrajIqhiQLwrlRBvnNXUIoq0xgRtPDG8/media?key=AIzaSyC_ZZxoQjkItHwRpOlwiEVHPdQZwjbwRHU&maxHeightPx=800,https://places.googleapis.com/v1/places/ChIJ_xNXLN_xVDAR4JGULxKWNRM/photos/AeeoHcJJzMkLJQa1h72ioqv7LmDkIhaDCMjE2HMPUkn_YK1JrQ1zOJ0Nf2X5HHVXK31-nuNZsHgOLjviFzIgcZkowa2_O8WWLiZZlrR2fbnI1R4b5ZOfr8JTCnZg_s6l-f3wjKcZL95ZcmPhbZUUYU2hquHy_anGI-WU47GyZEmvIiOjinHZkTb_XrC6pdwcYvQYilG2IcWbfzN6jO1wKY_6E5lUMRvlq25zm9Erk_d24MZF0Fq3y6h2CbWbBG4ZwhOCcf4iDSN24mkywaVxwmeFfIPQ81dVggPnt9gieSI58mqVkQ/media?key=AIzaSyC_ZZxoQjkItHwRpOlwiEVHPdQZwjbwRHU&maxHeightPx=800,https://www.google.com/maps/place/?q=place_id:ChIJ_xNXLN_xVDAR4JGULxKWNRM
PhoThai Traditional Thai Massage - Chaweng,5,89,https://places.googleapis.com/v1/places/ChIJSdR6RffxVDARkNvhuq2JeSg/photos/AeeoHcIizSZIJDoqxHdRUvK2Lrrm2W43RENpLhVm59cOHj7J5ulNwFWZoC4IuS8mi_R8rmMKZNFSZUKbRxrmtNJZbzuq5_GksCTQdOviwzD3D-91dYF-WJ3BvtpoiFPjtST7PFM07ZDWHHPN_lcJXKFGnT1XBlO9TfJ-BpfauF0WLffvhc4YFwLUYZdJT_ZJri1xMpbjtx7j_oH0LWWrASI2obvgHDwKDmEbFw3Hw3KxnuEdehEnSGHMg_1FCpbszLl3XJmDSJWy0GpW7OKM77S2FBO6kfpY9NpGzbpBC5xT7L6LQQ/media?key=AIzaSyC_ZZxoQjkItHwRpOlwiEVHPdQZwjbwRHU&maxHeightPx=800,https://places.googleapis.com/v1/places/ChIJSdR6RffxVDARkNvhuq2JeSg/photos/AeeoHcKcs8R4rJGhi-MWWw4m_Cr9UO0NuHGiv5cjaKdJsu4EXUgeV-umPNILTBqom06Y190PnJYs0TpiCLs8rEgY5gD552-6ud1X38wr05sE7tm5TXXJSZHhUqDqYdyJPOuYec0rub1SNcPs5cVIXxDZsAZkCKJBOYJlFXFuRsZHOpLpujSOwn0Xbr8xlfaEQrQFZYMaRGp2JOq8FzzyG7g-ToiPk7FTyKaZ_fz_qNHGbcmW1j6AnCcaCCG_Q3KhY1szh_-e0nvdGBm-zNm_a9UWzIefBobmoKePeZm7kyWmPI9IkA/media?key=AIzaSyC_ZZxoQjkItHwRpOlwiEVHPdQZwjbwRHU&maxHeightPx=800,https://places.googleapis.com/v1/places/ChIJSdR6RffxVDARkNvhuq2JeSg/photos/AeeoHcLJLmavc1No6ekWRsDMt99F5uyCfIPyXrbZR5-45nB683ijs3_n9rdXLIxFycEsmZXOfzKxxYlEWft6DRGnUMiKyPBuCkoWXe2IyPeUBt1GYLinplkQU0Jxcpx70OjbsEPSUjRHpKBWpsUhpjpBgsC0qtg-uwRcPXpUdWj-FOjUihfqTOjOjF78fi5SCqFq3ywCxXiO3fceBlkeo9CoheL4BFl1VyhBatzeMbo8A6HO6mZ28ObQR11B7e-mXf24BQ7D2omuELWzLbK6FZdt87-6Jh-jyHyYZcuS-szLYSwDWg/media?key=AIzaSyC_ZZxoQjkItHwRpOlwiEVHPdQZwjbwRHU&maxHeightPx=800,https://www.google.com/maps/place/?q=place_id:ChIJSdR6RffxVDARkNvhuq2JeSg
ร้านนวด sunset massage,4.8,56,https://places.googleapis.com/v1/places/ChIJkYTXxYLxVDARUAf6Y7vPqNM/photos/AeeoHcIcq2vISWJvUR2tS3pmCUpNh0mnCR2toWhgjUnS0584nDQaeGtgyHFlOULlfS2sSxv7-Yd-Vm0oWbdjQLSNrxhqCcS23JgJBDbBA62wDFxHp9bWEhNUybUXqGzQoKgpBMNaeyPeefklsZ-dRoTsTmSg02uK9Re7ftomM48f6YTi7mu_kANGGRVaHQJ3TZeRmiwYv4pnj48hiDx8nQacHeQdRN8Roxp1MYwcJ6cxHd3CEoKBKMwaIRUCi43CsXDZt93pd-3Xsd7evtvBJuxk7hh77BpBarhg6XXQNqEyXmnpiQ/media?key=AIzaSyC_ZZxoQjkItHwRpOlwiEVHPdQZwjbwRHU&maxHeightPx=800,https://places.googleapis.com/v1/places/ChIJkYTXxYLxVDARUAf6Y7vPqNM/photos/AeeoHcKp3YyDdBF7QBWXRuV2sQk6D7q7wth2FDI_-BA5OcUzMDAjUYJhlm4ndsi0mgckvwzXFz1-PCsOlKqyU0aX0M5B8RyvZt6IX5PG9VsMsOdbUs1KuHZzO5_lSwU9cO9vR00W94aSM32wHVBwmLDxFY0R1wlrniC3HBKaT-HkmQnaP4CjSYQLT6ka8NayliTy1CMZ0a05N0_wGM2gt2cNCOThJiViPoauEtIuzVIILWKR7xw9gnrES224xyneBT7ljTkP8ReaI5M3iWtPw5InumaMnRGKTSTywcz-njTeSW8b9A/media?key=AIzaSyC_ZZxoQjkItHwRpOlwiEVHPdQZwjbwRHU&maxHeightPx=800,https://places.googleapis.com/v1/places/ChIJkYTXxYLxVDARUAf6Y7vPqNM/photos/AeeoHcLXJEY-q2G5D-NAR9lF6igvExLNNseeIMqdafcvbXWuYiBABxqNsq5gY8ESjjIFqPb-3KbzDWHiMM2iJechZ4ope6eYGxo1GqMUptu0E4m7aHFb5bEkAD6clDyYXiQLTN_JQPpgladQOEIMNIb43rLqpKE0GdA9NAL7iLXzXBdm_lG-r_k8WvEVzJUoDFGnP3purseUOnvlpmOqeraJAmsCPBdWTGyevEiYaM0S-BfFXekjyAuMnsQ1MqCeNK2WH4FCOyc4tN28qxjnMIagtNE07BAOAKPfP_UgzMH97X49Vw/media?key=AIzaSyC_ZZxoQjkItHwRpOlwiEVHPdQZwjbwRHU&maxHeightPx=800,https://www.google.com/maps/place/?q=place_id:ChIJkYTXxYLxVDARUAf6Y7vPqNM
Sodsai Massage,4.9,325,https://places.googleapis.com/v1/places/ChIJObdKEQzxVDAR_qwEUK1_7DA/photos/AeeoHcLO6m5akvqG2wBy-N72x3w_E_QaeIr0p6T2huP-jhI2mb-l6JjRn4XQNA_makFV2Kkex74l4fGukqWrvpJKBudwQK9FAiRIWPqdHNvU_vARWUwbRK1JNk-UnOg0fhHz2QyNEVFoCtplhhzuiBHmR1AS0JeeYpQA_aQut_POZ2T9UU-PtaM2aM_T_bzXE-E2rB1LRUgFKEWRxW8q6AFfAyWVwBipwuZZ9wsAA4Qu9aklSDRBnHg-RGoszobjXAcT564CiwR_eCIRWEEKbDURiJdQmIoOwLevym_hhGThn79Rrg/media?key=AIzaSyC_ZZxoQjkItHwRpOlwiEVHPdQZwjbwRHU&maxHeightPx=800,https://places.googleapis.com/v1/places/ChIJObdKEQzxVDAR_qwEUK1_7DA/photos/AeeoHcKRbD7c-Mf-2vS5XngoR6kwgr7tchNMF3tbvea-JqcToCrV_Eh2RbFJyXbdGCMMZkQRlDtXR2IPh5W59TNGFjjCIl61_RNN_aKmzIAashr-Z7JU9mHujwOIx5t57Q26Ln4HKAn91gUMp5gOnpPaADYpxZF6a7L-O3K_qBsp0sTNT3HyzoOyi1P_r4Im969V2IMgZvH6U2DLPAeRBfO0T7O4IbKNu0yieu1Ci6YUMlpxFknfB9p3asfKsQE3HKNVPezsf-3A0TlYSBv4UvGM9TXkEx6CeXwI8Rp-Yi3aT975Xw/media?key=AIzaSyC_ZZxoQjkItHwRpOlwiEVHPdQZwjbwRHU&maxHeightPx=800,https://places.googleapis.com/v1/places/ChIJObdKEQzxVDAR_qwEUK1_7DA/photos/AeeoHcKlwtrADV-ImMHr16vSafX2Tw6IK5HT-ErRdOMEtM2NDNYnX80zfq0SAhIFFARlH7At92fb_-bin4klIQyyMtQ3G8BR8YgxEQ-lp5GZtwOLECCv1YFvArAVMe2S0NbgjTCqpKSPtKxWUreF2dG0CJvch_TNbB1CwXb2gDq3l55w4Bd_-gxCk6wybdqtw06qLvnFC6xRdIgGNk0JB5D7m4i5AIihjYvnaVnFqOUuA5PeI6z9o3fUbGiHN9AduPP84nac8Tyjhwsr-dw1Pgtf4M65AQh1XIKBg3lZr6HVwwtw6w/media?key=AIzaSyC_ZZxoQjkItHwRpOlwiEVHPdQZwjbwRHU&maxHeightPx=800,https://www.google.com/maps/place/?q=place_id:ChIJObdKEQzxVDAR_qwEUK1_7DA
Sea-Sand Massage,4.9,233,https://places.googleapis.com/v1/places/ChIJN3T5o4XxVDARm8r080Ttwqc/photos/AeeoHcJNrSg_CdSjBLHDLrpLCSvo9uxDz1lbQL0M8wbwjBd48H0vcuiXM2RmiFuwp9tgRz0k_EZJmQmv3APYGVwdWA4vv7moncdATlNKcfECm-C7AqjDd7mYqK6NNasrxrBwf3Ysi5gLjoAh6_Ze4xAnqjfRavvSjQB8UzunMn1bO3AEBIYgQmhG8TT1i7Hlb85YvDcjLHoiqKC589glrZz-6c7z5DZq63yKz3t4u0to4mQy1_Q9KNNJaHXVY4zEBaCRzZMhC0NDXtxwXQj2Rhs5Y0Wfs1uHLxiBwTvSbyIMA9MjTThlsbMjvh2S0pu7ONW8DIJFNRRKT61V1DjC5JSZ4dde9Cxe4im0bIHAEIVSUlO79lDrvvuTvCqXn_JCPX4PnqSKIdUjtUNbwLpFYeH_V04v1a9RItOH9t9v4NSDekgDjw/media?key=AIzaSyC_ZZxoQjkItHwRpOlwiEVHPdQZwjbwRHU&maxHeightPx=800,https://places.googleapis.com/v1/places/ChIJN3T5o4XxVDARm8r080Ttwqc/photos/AeeoHcI1yMTwDrlIo_sO-abmGiaA7lYMmDilmsVH6iwJUc5nd2J3Beka7m9bMCttCFvVU67dcNPwddz1gZPUv1_9Iq3swCuOtF3qUs_Vud1cRRQhiu6iCgSe5dSaiQHMr9k3cDhYYsq5OHE3MA2WsFf9-gPKrD9XbSyI2VZ9inZvXqNZjIVEjB-IS-TQQxGI4WpQBV37S1DaKX2U8KbQMUCiMnCZ-nJ0N25gHmli9cZ5Doom_itLrIugOh9rDZ3f5I1M82d1PnrbQ6iSzGVfy267Ap65TQMo6MFtlJGErQJUDjyW7WdpTdDII7JtDSK7b_cUrDn3CKTqlkV6_x7Tr89hh5VB2YRiTVcg2S4MghU8zyA1COwSqzX5a4IHwTDLxKKRSzVn7sq6eQHekkva9sWMoPFck87YwBcqAYzvvrCPCFrYaGM/media?key=AIzaSyC_ZZxoQjkItHwRpOlwiEVHPdQZwjbwRHU&maxHeightPx=800,https://places.googleapis.com/v1/places/ChIJN3T5o4XxVDARm8r080Ttwqc/photos/AeeoHcKtxl42GZDm6rdzpAIalpDe3iFgKnee9sZ6O4rdFzms2T-G5C71WdT4PlgChpeyfYk41PEDSsmztR8PYYQQOUorvwVH_ga3NiO7-juMco27HQj26DuIZyVpcK3Ogd9TTtq8RlmdcbzUnk-RvHp0FlwGUedtmH3RfA4jOCJVGAL2bT1Q5aJ2l8CmeSBBe5VEeWGafP0xSqhNie4Nqoo_kkgoYzlOi00JHwhGxfeBxezBg8tSt2aibLUXZQB2PWDDfdT5U0bh43y_XTzpXFvC11_azOd1qm_7Oe-LO58uqVjgcZJqAos6vaaRu8592GCwwno3-qTgMmOfepb-uR5F5RAWbVLT-xnYrmOh7nKfh0-ZytNhvzyG8yXxQUyPhQNGIt-Tc76SB7ggMkeHpHqYFLqLZFM-oEo5oyonuMDxe0seL5w/media?key=AIzaSyC_ZZxoQjkItHwRpOlwiEVHPdQZwjbwRHU&maxHeightPx=800,https://www.google.com/maps/place/?q=place_id:ChIJN3T5o4XxVDARm8r080Ttwqc
FULLMOON Massage,4.4,127,https://places.googleapis.com/v1/places/ChIJb7rXSWvwVDAR7cQpudK8064/photos/AeeoHcKZY2VM8Rx2Oyz083dcTcA4qE9RJnwRK7Y11IUMR6z7egnbqaErCGeB7h1hCEkyr-RoW1oAf6JflshFQyTdNmltDKc9cflyy4H6R0jjuKTpVzK9LbX43kFwQ6Eg4-GGleqOgMUsl1xhzRsPpnD9BpGcn3HDjQoJ5W5aq3yxo__sODuLb9zsjiHVYXBBO5k6qqPImn09o-sytUuiItl_P43f0Vz2W8ryUfiQeapaNKSVZS8JYiAfe7Fp8tfTJq4JJ3McIJixSx_O_KUbyz0ilYqDHgTaSOJ0BpSQf-NVY4P-dw/media?key=AIzaSyC_ZZxoQjkItHwRpOlwiEVHPdQZwjbwRHU&maxHeightPx=800,https://places.googleapis.com/v1/places/ChIJb7rXSWvwVDAR7cQpudK8064/photos/AeeoHcIwZsZG38lFTYUWvbUBv37nmHn7ArhAg0wrvFw4zR2klx87ctEOpVHzgx1tNne39OZLDA-F3td-JUCR4pIkADKvG2PfmJ67J1YphbDY8sQ6FWPBU3iDeT1qR1QdnZueK37PZdjpMNLcoCcf-0i5bcDT-2q98pqN5D1x3kXemeG0iaHa_jCP4-pnEJ3YCzlq3k6RSAzuBdJJ8MXNqzPji_EU-dwlZT1_OxLdOzZ2F5_bC6K1it9iXZhlvhDGw_2aYO0yp77ZDKJdzlKRpf1XxXAQV0fIDzFwniv_RgYAMcPl5Q/media?key=AIzaSyC_ZZxoQjkItHwRpOlwiEVHPdQZwjbwRHU&maxHeightPx=800,https://places.googleapis.com/v1/places/ChIJb7rXSWvwVDAR7cQpudK8064/photos/AeeoHcIuS6PkOjvp2FJ0hAS-SznAwsXKnBmJ23cOXGR1Vq7_jlmnc5zhkfl0XP-eInf3z9Cix0X3JXXbzKdJ-EgCViA5jGZChhNyI7K2F2RzHg1-Mdsn_FowL7K7ACs5tvELGeZmlSOtXV5-qRHjXAy_7A5y8sKeKmjIKL3_KqXET55GAzb0OIOL6hcQOlPoDWdq0nhWaVxny321PwhhkwkYvK5WXBBJK46nfAWzO49SM17VrfK26IzuCqsTbzXiAU4PG4-Jq6NHpRn8QnnrYHX175-WumD14Q8QLEFw3QoiI16vvg/media?key=AIzaSyC_ZZxoQjkItHwRpOlwiEVHPdQZwjbwRHU&maxHeightPx=800,https://www.google.com/maps/place/?q=place_id:ChIJb7rXSWvwVDAR7cQpudK8064
The Tara massage,4.7,188,https://places.googleapis.com/v1/places/ChIJoxZlMRPxVDARO5QNJSDEs_k/photos/AeeoHcIq8CyPpKD4jIwogyJRG6eOtQJZGdoZrcuy8EvdQvSYcSmzSY2B53ZDCHWIZ3fKCS4LrdnOLOCBX2NEipfoyTwWY5YXy-_r4ebh5nQLiMdUIFtq3TX6qm3eQPrSbwm5xO4xvI1ZTmas8Y0NF2IiU-8iJWbsBMoYeFG7JxH_YKKptJnkRqTg8XCcp0Zs6USxAAadI1SwkSrMGMCxoMQ-jfmkuth8MO3mWekOF1wSXyS2WYLW9MmQ8Fzb8B8xYSPhKpduhP6X-FuImx7uVt5omPROXea2Gy7z2pRcFwvKnH2jyQ/media?key=AIzaSyC_ZZxoQjkItHwRpOlwiEVHPdQZwjbwRHU&maxHeightPx=800,https://places.googleapis.com/v1/places/ChIJoxZlMRPxVDARO5QNJSDEs_k/photos/AeeoHcJMO2ZyqHZCh5E7kTzl41AEgSG_HVEqBuxGbJgr-PRQaA3ir4Lc4iFktI81--CCw9fz596t3-jWMe3ZG1RULVBiAbhIg3R5mcBg7wQLZauYui4-wy-bGbBXgcmtVj1caRY1AGgtKYXCQrWAzXVVHG-WGglnFH90BKYF_9WjpvzQDTia5c4pGaQ7rgO0L6Gk2xPotOfAeQGhTdsb-8yPfppf8T3Z0Wd7XAmn_G3wfd4CskUnhtmb_VRrqALDMb_psKs9iO7rf-0rXeyoXPHPb6Axmzqz9_e51YaHtL0ffjHx9g/media?key=AIzaSyC_ZZxoQjkItHwRpOlwiEVHPdQZwjbwRHU&maxHeightPx=800,https://places.googleapis.com/v1/places/ChIJoxZlMRPxVDARO5QNJSDEs_k/photos/AeeoHcLK-tNqHUSTiTC-9H_RCNnTPaKUo8dCt4DGNUYAACEY0pjg1eZ7EPBkZ_mJA-pnmh1T4i0Tnjut8ualedrjA4Np8Uw5jsz3PtC9665yzId6YCEu1fWlyI8WXsOUF4pBvQRlajjYlQkj3e1Pq_1vIM0jEOrmpH695bwDFtxVUqOCldZynOEkFxeX19AwLbOY90etbRN586JZM26BJ6KCSDhYupy0iW09FW6C8FSX7FgYLh-_UOknN4tQEAA0nHczePMiAAaU3ArcnnBJers-fsjv2LRUUdl7SHF6stiE6NYm2w/media?key=AIzaSyC_ZZxoQjkItHwRpOlwiEVHPdQZwjbwRHU&maxHeightPx=800,https://www.google.com/maps/place/?q=place_id:ChIJoxZlMRPxVDARO5QNJSDEs_k
Methur care & massage,4.7,181,https://places.googleapis.com/v1/places/ChIJdWsRza3xVDARW1lYKSk9mQc/photos/AeeoHcKCkE9pZBwgY9TZXeDnUp8vQ6tu1Hmu5ERDy3VVRvP-5-JzJK7EdyvKEdTFHdFy0yXQUgeu0dRAtv4Y1AfyK13LskNfnhgBj4pN9bddEj6ddSVEnjmt4uAKexWF0SPpoufJObZ3JR9E9gKB6qdH-tvXkyMVuBZg59HSbPcxBmqK68lnW2wx5nvoopilBbGNSIZYG5U75-HmuJZQC-02JGr1vKkN00UGfgLuPoDTNsVME8nBrWg6zj-8ZFZ7LrcbSnqwVo5B8ZUQy1HGWfUEFrGPwM_iLYa_V9GZlk9K41OfrA/media?key=AIzaSyC_ZZxoQjkItHwRpOlwiEVHPdQZwjbwRHU&maxHeightPx=800,https://places.googleapis.com/v1/places/ChIJdWsRza3xVDARW1lYKSk9mQc/photos/AeeoHcJA2Lx25P7lNzGpbTqZVvvJI3l6CuBb1KoovohTvuCG69XJ8QkE7WKsgxv2EiCzgleGLajRZrcUvsNg2ZUYXc3nwA0NjfO61xoFbw_14TKDkTn96Tki9TzSEm0QF8cW921AmiYY1GjVxbzUg_PnU-a2q9QGpxy033Nr4hawI-9w8efdYxT-ad4Eb9pebTtCepTURGVb-8lmcwhlhKzbr5uvJRC-DtPHaigelnjV91qQKEVzIg37d5JRFofvAe3ZdRZUdx5XoIT0ZAsagIbQ8uBOqwY9DfWYC3v-gnitBKP4yz6qpWqhe2nlM-TW2QOJ9FueF64ceelZ7t6ExmJeMbOD_1uu830SL30ZH26BSEZ_Uk2Y46K4PMo8gNy5eB-SShfbo2BPqEVarCUezWyoxUBUeLjXfDvTSLossXGJrgmOvQ/media?key=AIzaSyC_ZZxoQjkItHwRpOlwiEVHPdQZwjbwRHU&maxHeightPx=800,https://places.googleapis.com/v1/places/ChIJdWsRza3xVDARW1lYKSk9mQc/photos/AeeoHcIFOu95eolqzDonEpixCzADK7EyKR2awI8sSmD-ozkm9fm8chsjXU3WQqnprN1Q19h6gi-o8MR2ZGYIF1fgKPHIyRXjCZ85lhN4CobeZXRTAZ_PZpHWqM3DYQSsOcfBVlZEY85f7mJIdWjVtn-XzuTbymLI1-goXBoVOQKrKTWzK56zmcKK6F7nHv4f3og_en1ocrKsYE7a0_qg1NQd4gtDw3BON8CPrTE__Uhaz6DhEUCZgzMQUNzMH2vgPnnegFEiatPJIGmFaSRpyVckP7Nryijy8fQ7wRJDmfxBrTWv1KqVv31DEGiggupBU9tMm_HkTKP5IOf8y7iIrLF-TWQHtjV5Uj12W3QvIIivAf0lu4ROKcPFEFtltwdQYy1yKo0H32_xnISmpau5gpuZ44EwhTcBzTKY2iQtgrAdONtDEw/media?key=AIzaSyC_ZZxoQjkItHwRpOlwiEVHPdQZwjbwRHU&maxHeightPx=800,https://www.google.com/maps/place/?q=place_id:ChIJdWsRza3xVDARW1lYKSk9mQc
Nakee Thai Massage,4.8,585,https://places.googleapis.com/v1/places/ChIJwWnr6zvvVDARbKVG4nPjKiU/photos/AeeoHcI2NskZkExJN-PATDeDRN3lnJ_8j9Vy1YfUdkWONwKDAu0BJO-c0z0loEbBdAt-gQE7OpU0ZHZa0n-Xea2Wzcn720KRur2ZqSTfzEPMOqdlWcQ66T69Am6rz-vKpV11ROR6SWCPQNZ9R-LxA3jQEhQgTPjrGucyHpvam0UhdndZymF6UryKJNul-s2pGOX6aaVIHK9dufVYwtjs0J4PBG-yq05x49mWgyjs3QYU68WV7kBgBZg_TAJgtaj56n_wxd32npiSgn8sAuX0MXHtJ6cFHTlt50t343efRQUtKgg4WQ/media?key=AIzaSyC_ZZxoQjkItHwRpOlwiEVHPdQZwjbwRHU&maxHeightPx=800,https://places.googleapis.com/v1/places/ChIJwWnr6zvvVDARbKVG4nPjKiU/photos/AeeoHcLWtU98amoQem7OlBWR1rMaiyZVDH976PGv1HAt7XoBfZXJeF91TkYCLnFV6T_y2CeN3mUB7zmCHm7OpVPutQKukH2uYanbN1EUFoOM3-Ed1qXqzfpz-8cvBrLTVp-FMXThSMfDPVN_SzCXWBKJHVHCqFHgxgqzfFNLTMma7SpegXG4dvhzoRkAYGXlElxIKEqvXTFi06ZDrh9UAVCQdvsJQYTViB_LT-jmkRPMfe05V9ofIvXgh-wJPt9vsQZxhKRXeb-G1zrFhWQCdGFYXRF0Tk4DZsOVrN-yV31qhTYpLQ/media?key=AIzaSyC_ZZxoQjkItHwRpOlwiEVHPdQZwjbwRHU&maxHeightPx=800,https://places.googleapis.com/v1/places/ChIJwWnr6zvvVDARbKVG4nPjKiU/photos/AeeoHcJKwxvQSrfjnry6fe7dkUk4cW77rNPboqsZD0qKGu1FmAlRm_KcDEtXxkc9i0uJewN4TdiT4c9Q6-QTpPKvctls1wG6RX2wxlXongl7VIA01wi8hNu9p1Y5a8z7kxWQsTHKLQ-TAX09w0VPr-tnP-5PcmJcazSZlqsepQ50EjdPLq44izjAiEvhPxl-tKPtQZiuPveItK6vH5IjpPT3vFFmg6IADWTFlZ6S_j7AFFoYkdeDkVSTHPqrL3zixpjCA77vMyQ4TLu6BEHiSPsNDjt-pKiBFK9ymN8yWhTQyt3Oag/media?key=AIzaSyC_ZZxoQjkItHwRpOlwiEVHPdQZwjbwRHU&maxHeightPx=800,https://www.google.com/maps/place/?q=place_id:ChIJwWnr6zvvVDARbKVG4nPjKiU
Urban Thai Massage - Chabad House,4.7,458,https://places.googleapis.com/v1/places/ChIJneoV82DxVDARM0zCRq_37fk/photos/AeeoHcJG2Puip7-2f5YjyZwkG3w1CjMN2GWhD28MiRcmBkXy9hUYDCzEoYKGp9cerQOQ4Ln23hqK6C7BmD5eRUztYgsrKo4CCnqagYT7ZwWeMuNlzpd89N-QR6HdNYUE6_MVHYEjiqOQQDB-kdNLbfTsT6OcJkY5Ff66VzhadjWLvuSve_3ivaVYvJaog15zfDgco6h3IEBlST4d19DISHbr6nyFaiecB8qIp_2_KGrOJsj-3Q3WVTiJGO4mSvjK0PaXuiZTFNH7R4PCEb5qbyRzMydJsvuapISAfrJi0JN85nBTatUxcw2F8lml7YJAVwq4qrNBpbFT8-yqCnJMAuFFHIcj_tVt1Gi8SHiDurhRuOuY5t5lT1jBXNVndMZBWUPHkwKVAAHapInCJ0EhNAkiRYH-V-cwKcZ_lxLWz29s7Pc/media?key=AIzaSyC_ZZxoQjkItHwRpOlwiEVHPdQZwjbwRHU&maxHeightPx=800,https://places.googleapis.com/v1/places/ChIJneoV82DxVDARM0zCRq_37fk/photos/AeeoHcI3oUPIPthMnzF8-uXVWre51j8rrhJVloB5pLQu1fniIhiuviYEAh3CpOXu8B5SkEh_FiyZPBybUDz3u1KEbmpk7zg0AlGP_4K8mKM2tteS-ctoLib_e_bsA22_n6wMrSYCXOHJIx2GUS9rfwTY-dVzNb773VowfxV8_gTt_Ie-UagcX_i4JyWJFlfvJC-tWjwDHNjSCYQuZ6gbl9F9Go94Qv-FwdlF_Z9BKNKiivfaheM0LRRBrV6PT7h6Ukwxudj5UILKLxQJPWltTZEhIdCQ4sBIn3fzlwcGk4Pb0F9duHMVsUI7r5ws89ZXRcTEAlCWGvGhMNwbi_T4KfZdF6BzTyotopeyMI-ruKbnvz9REiJ60IpNVM78C6UVaRrrLV19e_M7hIFPZ2oyyMytd3QINLMo05iMOf5St6VDvpD4f7KK/media?key=AIzaSyC_ZZxoQjkItHwRpOlwiEVHPdQZwjbwRHU&maxHeightPx=800,https://places.googleapis.com/v1/places/ChIJneoV82DxVDARM0zCRq_37fk/photos/AeeoHcJjH3Lvkmrxpvgwnui2qdCAI1F9GOtLmvYqeLPz0457E4b75dgVjps9amf8vOHpR9GeTTn1cH0MwFtyvGlfS3vBWnZIxDH-fpdc2FABqQWJleOM5nfC8S4GT5pKwMHP5C7eTWfDXi9scb73BIG7V_CDsxCVd0PR4DBxCq0MI7Rjc2y-k8bfLKVCeH3vlEv94xPm6Rwr0OImo_SsVirQrwYAgdgFEu8qPx2uvbsagh2_61cRHav3DPyCnJIiwHpGd2sXtkDRa6P_Cn5hPO03yOrK7LAi2YZP63G3s6RXpS2k3-KOY3fKdy4-VgNzLRINMtPhGsJYsSRtXIDh4CWa8Eu8uI7MbEQlyolBAewmKs0asSTh_T-Wy2Ok672fnMo_62IQJGi1UZCXxc-jt14Q3MEtkdhOeZrk2P0DewdExnDwmjnc/media?key=AIzaSyC_ZZxoQjkItHwRpOlwiEVHPdQZwjbwRHU&maxHeightPx=800,https://www.google.com/maps/place/?q=place_id:ChIJneoV82DxVDARM0zCRq_37fk
Eve's Boudoir Massage & Nail,5,233,https://places.googleapis.com/v1/places/ChIJqzJFDADxVDARoWioE0sNXtY/photos/AeeoHcL9pVveP4wsMO0LQ-PananyFWGh2KVHv7YvOZa-56Zds1y7kEvyesxWGURvP9Vl8qpHIkM6kCsKbd3UKI9oBYFXxy_jqJxd_Sjm7sIdn_O2dDtuvOGDaErAmqR1kqARfZpf51ou5EamfQnDI7_a3RbjIExOiNnzsfXdCxy1GwZAn3c5eb8ptNVfFE2JhmM00DpYTeXr_9pqoZEwWBrfxs-uoYdd-498FhOcYH8w6EnorZLL2gmMSWkCA59FawQj_9ar7FcEO3ru3Q8y9W8Q3nyJsPCEYqHbUTUAxtTmIpUP2Q/media?key=AIzaSyC_ZZxoQjkItHwRpOlwiEVHPdQZwjbwRHU&maxHeightPx=800,https://places.googleapis.com/v1/places/ChIJqzJFDADxVDARoWioE0sNXtY/photos/AeeoHcJ797mbtryFQHU15Qgl_9pSwzU-Sl4C8SJmfpcmh3Xw0m36RlNbMxU7xKFd7XWC7bGp5IMmZCtOu1XpzxiYdm2VGCdZaUO69dVmS4wy7LRcnWj86VB7S8SqsjK0fZmY-qR5PD7vBExtx3Fk8aPiJzrTAsZEsXA1LFME94z2sW0T5VB0U8GlnQ2kswfecNRMjVdxY38klMgxbB_Ny4UkCJeYbAg1hswVenEnVODVnnwsaqbSbvvnHXckkpqLh5lLhR-NgLcRoT9UQP6nGSsPK2sRzyO9e-EGWhSwTbl6k_GNvQ/media?key=AIzaSyC_ZZxoQjkItHwRpOlwiEVHPdQZwjbwRHU&maxHeightPx=800,https://places.googleapis.com/v1/places/ChIJqzJFDADxVDARoWioE0sNXtY/photos/AeeoHcJeC8fm2OO17ko-CbHpvqFPJEfvwRzHLDdoaacOcYRdhHMGSEhm6592RoxXspoyvE2Gg8dQnZaLWXJojO2uKf6xSAv21SQsAn-yBtoBuLoC6U7RbkzPigOk6cMsmtPMe2WrcxmE4xgM-vecLs_pqqfe1wGawQnStUIRaSsPOCvu4FBeEZIfIFm1zPEWQqsjBu9bU-FQTYcjIJwfw4ufgn9rw7sqzaHBSQKVUOuBqbDyms3I5Nj9h6v3yhIR9XNAAyIiZNFyO54AuE729vojgVdx6Lg57VBHBFKNoyGGRHl8E_Mx1jeu2mdH02w-Od1aS7H_QUpfh_jBRLN4DmwVd4Ai8ITrosSGRVE3O0mj2dqkIVjsPZVGjpMm2mQcMdg2Pj_cLdV56BKOhQrNFU2BzlmLhv_V-KlUY5vFltt61Jk/media?key=AIzaSyC_ZZxoQjkItHwRpOlwiEVHPdQZwjbwRHU&maxHeightPx=800,https://www.google.com/maps/place/?q=place_id:ChIJqzJFDADxVDARoWioE0sNXtY
Zara massage นวดเพื่อสุขภาพ,4.8,54,https://places.googleapis.com/v1/places/ChIJBXmuPiLvVDAR6OEOjCT4178/photos/AeeoHcLiquMTRc2L_9QLyDu-SYuZ4opR9h_Ac79vWxKSJad4yqIM8nbglUBAiBvZRGVy9ULS7v7P7A5zkOuhOZD0fYZDeNAAirIUcF6SyWv3KPUpe2U8lUPmzdFWHzkiNia2AkFWSEkd0RPvTvP_gq5GDJfBikZ6J4DKScPigL6xlactsdXwZUJ0QIOA0QesRDztB9hj_wtnygs9YIIRdEZO2-I93xn5YNho0GazQy3sMmB40ed5bppqKzjJwNMVRnnHRLfSEpvCBrKCJcj6aS0ldJmhfHt8HUdBJ66qUvleY06vgub2VAMR1kWeHVN8tka2hYfGsBxN7I7h6zkZKf69UZmnKbGNqOVpzjbYZKYr5OqsJqs0L4qJcrjfPDv0QU45Hsn5ZIyycAicY8wUT9lGuSyrs8BHSvjmUWSasYVqzjcePRo/media?key=AIzaSyC_ZZxoQjkItHwRpOlwiEVHPdQZwjbwRHU&maxHeightPx=800,https://places.googleapis.com/v1/places/ChIJBXmuPiLvVDAR6OEOjCT4178/photos/AeeoHcIBAoQl2q8NPwdHTv0ZjHpysYya1zVG5g1m9i7torKlQq4zbsWe2gsrmBYFkS2jbKNUFJisLYGIjrHB9dJ9XY11X7sEh1MP0vFPp0r2T7Ucf95zYrB66coHQSwkDSW_mj_sLOXdBxe5hiFVGktoToWgvNsWAvLtzVRt9-AVSEgQRkBg-AHkp5R0ovqAZLGQH12GV5m36jHfwEZI--nhgU1PPV2m_0f5WOmQsb8z8zX9-Cvnh88OQCunHbGBoT4SkhATwTHR2KDxh81r3Fx5acGqw85kd1UpaKxt8v4-TmEhhrGNuei-wzp6PkZNOdBKrAQP8XX0uaehloUDMn7I3nW7bswXu1ORvhW1GknX38gZTRCOswrqC25EsRiq4aa8IYWEE3dr7Pqg7wNPwfxnoz0zsjrw7yLhA77vj5kWBXnc9MQs/media?key=AIzaSyC_ZZxoQjkItHwRpOlwiEVHPdQZwjbwRHU&maxHeightPx=800,https://places.googleapis.com/v1/places/ChIJBXmuPiLvVDAR6OEOjCT4178/photos/AeeoHcIWdkwmXIrPXht_ztux_G1zhEGk_Ij_JKwmK08pdPZaWkZBLS_x3oV1o8nmA0pz9M-1bZ2pINSLjfj6wJ_xClM9NwoepWBv0nLnh_Im-e0pcD7p_Fijz7-MKVJDY3fh56fwLhBg6QsLeKahPd3E7G8Lr6ZXnoPN7ky98eid1JJCYQSxEet4h7OzNbXLaMOiFOqcgurRSS8fo3gfa4CeCpeDLG2j0lF1jacfDXrQ046Fvy1grs_zOKo_JWuVsUf7qw-O-ZEY72YmQ6DVjLvYUeUwyTD8bc2Te4Df16ds4g7Ky1Z1E15VhCqF6zQB3vGxcnchaARTxhBX4lUls8d28clFhImeCFvNva6fFsVEUvPjDtsj9a7rFtTYOH5IWalJ7YD1h8now7wVjzTwj9s0WZF3zVHaAbEdHlMUf5qZrjP8Olzt/media?key=AIzaSyC_ZZxoQjkItHwRpOlwiEVHPdQZwjbwRHU&maxHeightPx=800,https://www.google.com/maps/place/?q=place_id:ChIJBXmuPiLvVDAR6OEOjCT4178
Chan Hom Thai Massage,4.9,211,https://places.googleapis.com/v1/places/ChIJzf7Q0tbxVDARx5Huz_Hev3g/photos/AeeoHcJhLsP9_QN59Rmr_VhPW6vcILXsgehrvNbK94oTxGdom4Bei7hH7aaFnsBPv9scvktVNhobAWgjQov_J716YXHc89MA4xdY3jDV8y2VWYddlLIjSSXiKJYVbsvo35bs220kZcfNI8lGccYziHUqANQosX7wBlMhkU3fGBcFrOJW-3QCjLuTBIBT233tYtHzLdZYcSK2BcTeM-oFqQtFNa2bh9vtqdM2gg1t5Jj1CCESYHRco9FeH8YQMU6-iMUBnCQl5TKdkTG_Qj05u7leIL1zV6V78O6OHa9URHefFjccfQ/media?key=AIzaSyC_ZZxoQjkItHwRpOlwiEVHPdQZwjbwRHU&maxHeightPx=800,https://places.googleapis.com/v1/places/ChIJzf7Q0tbxVDARx5Huz_Hev3g/photos/AeeoHcKEXDBZIVZXQSEuEnul3K6Qz6K67V6W_bDZnEaonNr6hLA0HELB7DS_d_N_t10UU79p2hiZ3oxTTPKtQUl4zTODP_7hF_QIShV9BXuFtySD_EivqBgDwlLm7NEcXXjePLJgN9IgQejaH6SKR3ORPq8EXuMbQNe0DFSV5fdRYKCNkdcDVidRToxBhaShxjz7-KQESM-iJocayYCKzjpMe7fyVDUaRYMlXs15q3WlJCCYiojqR9iQp0ZvB6F3qkxw6rc512LQUTh6w2AKX7xu8xgR5D50b2mpPw-cNh6PNdJKL-OIileQE6A3Ir-KVvcimn59n7Jzz5CPCziUy_fBuMCzXVplTQbHLox4HSD-egEqOp9-X6Xb3lXqQ_BI_a3DFn8qL3jwk-iu7xVoX1pGZk6QIRA2u94uMIP6eRnCLsYs5_4/media?key=AIzaSyC_ZZxoQjkItHwRpOlwiEVHPdQZwjbwRHU&maxHeightPx=800,https://places.googleapis.com/v1/places/ChIJzf7Q0tbxVDARx5Huz_Hev3g/photos/AeeoHcLddN8Y5wuAAfKuDVQmpvs9z5dHTDLOL4pwgv4CGEVl6LYo8a4oev_FcncpCR_0PnRmc3yI3-FqNH2_tbmyTEbae0fXPfQqtT3Ebm2xsr17TRvhLxCLRjMd9AV9ys3oCPPbunklxkcwi9V81zD5XtCnxc6c7U04s2Lq6TYzrhLKe4G4s1nKSNTzsYS_pDhu6deks7UV3v6XjoCH6xomyPbmOllbAUWQVnmgMwpd5DppyFHHShERP-wqeUssvOjLhM40sPYoNqFcdlyNY8mp9ex57E5sXJzau-dEk9K-3lXmeSwjUYtGuv_HZX7ENlYqwITiUscNwuyzvkJ2KWTpp5iQXbKQwfllYnSSBFq1MeiLQPlBGYwY09idZz6PavHDAXwwbthFhL-vc5HhopIBFQbOnbgpNvndtySxuo04Ts4pjQQ/media?key=AIzaSyC_ZZxoQjkItHwRpOlwiEVHPdQZwjbwRHU&maxHeightPx=800,https://www.google.com/maps/place/?q=place_id:ChIJzf7Q0tbxVDARx5Huz_Hev3g
SALARAJ THAI WELLNESS & SPA,4.8,78,https://places.googleapis.com/v1/places/ChIJ_yZy6fHxVDARcnPGKUQ9y20/photos/AeeoHcJGU5jh41JI9BASSryQULflZQNDaCKhneZz1sL3fhIMEJXNQOgLokla0sPoMpRGkWrravK1zvKi-uH5ebtAlHm3nR-df5YmmQSXuXPeeADa7bbBsDoEDDpTm2FRC-c0ohG341oKaKOaf1l3KW_lCvQEIl56Q9O0J6HpH5LkRmT6qjq9IU52SyqsPeXIQZk3tPtHN0fNOFAQCkpbU6avGLzJQtmKhMKMhQKK7EYT0Mz4tAgZ9sirDJ02uE2HwrKtJTLTdFo_71Kv9qMwI_x39NHYfpjVQos48NE5ZP2jnPTNjw/media?key=AIzaSyC_ZZxoQjkItHwRpOlwiEVHPdQZwjbwRHU&maxHeightPx=800,https://places.googleapis.com/v1/places/ChIJ_yZy6fHxVDARcnPGKUQ9y20/photos/AeeoHcIUh-inzCTiLKmqRER94E5B1k4sAbmqSLNrz3reXPV20R7Y-ErO5E4LtTa7Dj0LrkG6wVJYPb7yJX_ir7KexJPRRMac05OuFYg9BJ7s6_qb1g5IORg9ZlJ48AZ8uUe7tJ6BNAjPvuUJKGyJ-_IY91Fm0bFO8k---L9xbANiCl85rVjI8PExEvZHFxfqHcMPy7KU-xUt_yvfahGdNtPElEaHk03Q53pc1Kcgx_caeDIB3RLHqrA9GhY2jgWbuROjpTCBYvcYRVhQ5Sumrgu422JSD2VAgUJqLhNxu7Wpw4runw/media?key=AIzaSyC_ZZxoQjkItHwRpOlwiEVHPdQZwjbwRHU&maxHeightPx=800,https://places.googleapis.com/v1/places/ChIJ_yZy6fHxVDARcnPGKUQ9y20/photos/AeeoHcIA2N-b2lpa48Ax6mO4r_70A4XXhn8XVueMerAWmkMpLejKkhqTc5Wsh0o3UHnoPdqmzJw3LbgRTRyWk3lnlhruqHm1FIWeiRbd1DkZaq5JKZuZzfOCXNJueDq1jNtdXd4SXJGemS1SX-X-FAbN4iQazHzvx_tf-lcPWZDGfJBkrCe7PgUDlKSs4DuHPa1If1oFB2_-PJwQymERoydxIOsjO3V1CzZgtV02pdcrIHVwL7Y17bNj-k4ez-GgG1Ngr47pQEYhvl5xBc6hB897nNnt1kjIPd9qPrvvCd7sjiGqRg/media?key=AIzaSyC_ZZxoQjkItHwRpOlwiEVHPdQZwjbwRHU&maxHeightPx=800,https://www.google.com/maps/place/?q=place_id:ChIJ_yZy6fHxVDARcnPGKUQ9y20
Coconut Paradise Spa,4.5,283,https://places.googleapis.com/v1/places/ChIJ5eK1cknxVDARjJOemoMLk4Y/photos/AeeoHcI5X_lJoXhDHKtch6F9Ap_fTqnrE3nMoIKBajaPH5636kQGeBwxqxLEWg6JGVGldSHhRjvcNF4QgFHQ_KPiUWeQbWodpPF_bUys2LgcVfYdNuCE-tRzUHJyHQLeVpoRtBBlJP4yrPfR2Vb6zfnJulCW_zARIGv3wtqH6h4FKFd5i_-tLciosP0lCCW-df3t8-HVuLHAB91Qo8pYKF99rnTN13i8ZbURVoQCjpkKpfz05xKwC9prTN2SJfNTCfSXfLhmtyPpcIScu_oX-4RM9Tgs9_fit9OsRew5yeQo6hx4sA/media?key=AIzaSyC_ZZxoQjkItHwRpOlwiEVHPdQZwjbwRHU&maxHeightPx=800,https://places.googleapis.com/v1/places/ChIJ5eK1cknxVDARjJOemoMLk4Y/photos/AeeoHcJb_s1ns6g_La5VXheyEx7hw3tCO_Sa1plC4TaKkbgQYYerLYOTLNrGyYUpE01tKWxM-SA4kFSJAadjo0XRBN3BJTZZXfoEuSbOLnLc4YdLHgccGVaHOoVQHa0f3MV7tPZRuzG1u7hQrkwLj6Z2x20SvSY_S91jV5VM1ikMwLZfpamWkbhTnFaP5q_bFCSFNwayE9aKDe83RTZZhfA6l1Yo4OhUBRjVixjs7dGdAf2RMFGbckiTS1O3PiMsRNAZXJfg0LylXs-CCWs8-noCmmoQYyWcgtMMgDmSOacZUG-LxYD0fil00TyKG7nOrzKRfJ49Cm3L3H4YiTkrg5s8rWrrzzz1pRJyIa8YN6so1JXH5bJ6FOPQq7vymr1XX72fPTP7zdyD2jmCZZ_okoEHyWK9AUsbA2h1Jd7aZ7uHNRKnYnAQ/media?key=AIzaSyC_ZZxoQjkItHwRpOlwiEVHPdQZwjbwRHU&maxHeightPx=800,https://places.googleapis.com/v1/places/ChIJ5eK1cknxVDARjJOemoMLk4Y/photos/AeeoHcI42sXj70v9V3ZACye2V6U6reKuZUKrEouPQoYA7NXTI1CoP8NIyUdKgPcP7zwSoWVmW8Dbs-6GsF9rhpRmvKeDEmv_74FZ3h-M4Qpd0Cmg1g7jgqCCxCgbgeSUWnyaNJfDb_cHWJFXieStMAwF3hvyeayaKsqLzlnbiN0y6vdme78w5VXFpj3yGiWVc2MhehdlPon9xcc2IlgM7ewWFCoyIuhZCoMPfNCR9SYqUnLtq4iHZyxqhWu_dqQoV4YhdbJD_6aWfb_E8X99JKJr9PjJakFKX-oGWOKUC_lnl_YjN6MI3WWlpqY3FPvrW3iBU47KUJUsgN9R2yKYETGWqv0UOHjTxVuN2UPE1TROVyJx8127CeLllc8e7kDon0SRaI--68gnQG2N8ArPznDJrpj_t2xsgI8Uk9JeKCY32-o03g/media?key=AIzaSyC_ZZxoQjkItHwRpOlwiEVHPdQZwjbwRHU&maxHeightPx=800,https://www.google.com/maps/place/?q=place_id:ChIJ5eK1cknxVDARjJOemoMLk4Y
Sunflower Massage & Spa Choengmon,4.8,77,https://places.googleapis.com/v1/places/ChIJc7HKuEDxVDARFDjaASbnmCo/photos/AeeoHcIgSXE5BzgsomBggRP2y3L-zH2sZ5hngZGgdIG-iQGz_iIgpOAXF9Y98ssYDZD1GJe2WK4nWZ0l6vmORLq8JFZ3SZpXSyJSbG2v3iYavKL9LsKh7RuowvXSK-pszAerUODDTpjoD6UfCMRn_w4pSvld0N20e40FxtLnooeFLJRp8Krl5FTZw0i7E_ZDkiY9ra_ENS8eA1yKkgYEefuHnmnAo6BpiGilJBuzMAnlKbYYeutdeVPGmk4VWEEDQHcqdYmXgFPBhafK-QSUO2nrtHtH6CuEqKokCzSQ5WBbWQiEKQ/media?key=AIzaSyC_ZZxoQjkItHwRpOlwiEVHPdQZwjbwRHU&maxHeightPx=800,https://places.googleapis.com/v1/places/ChIJc7HKuEDxVDARFDjaASbnmCo/photos/AeeoHcICzzyS7fW_gier3tgAjcM_sMAsG9g7cFHIb8oOCEzWgkcwBvcA2eOmmvPLtFOmsTBli_dDU4r54tHPOYC5WOfjoijAE4EtkKytmw0tIp2E58w0qw6kSYOpaBa4npDAQ6WwNNcRKSc05dZT7zUH26cv1yu-U-Lha2sReSpvt0uNqnr4vwq1_ZNLA78h2ImOOgy04M2xlmy2N4xwRlD_6uy8Ysfu71urSQECK985yW3G407qSz9Z-xpCz1fySjSMIIr_Le_unl-sJnQZKaQJQ9Uag6MzjsVE8e_Jw11AOHMX0A/media?key=AIzaSyC_ZZxoQjkItHwRpOlwiEVHPdQZwjbwRHU&maxHeightPx=800,https://places.googleapis.com/v1/places/ChIJc7HKuEDxVDARFDjaASbnmCo/photos/AeeoHcIgcgE_TEYm7ra1rEvFlmiTmmbMP-b_gMD_o57lCtJr1kkrmMYIrUQJs_wzIbp03D_siaX7J7zSh8L7-ivsoOu3wYardhbNgWnj-uATJl47lUO-1YMXSluc5OWHvZ_9jVC7BurdOX7HCxOf2QQv3LuFXHFmLMWiKQ8c1iJ0zYr1fYbvW1Gv6poE2ymC88qL2EaCMGdCIZ0mRwQHFSw1mKgqpB2esBiTXVygx2YO1N3lbZ4Q3olKDGFcUD1Q2nr_LZwiyp-uroBppYHDJy3Re57GwVtivIEqARXxs6UTWiRNZA/media?key=AIzaSyC_ZZxoQjkItHwRpOlwiEVHPdQZwjbwRHU&maxHeightPx=800,https://www.google.com/maps/place/?q=place_id:ChIJc7HKuEDxVDARFDjaASbnmCo
Urban Thai Massage - Fisherman Village,4.6,393,https://places.googleapis.com/v1/places/ChIJjS2njODxVDARq9rZHzlpwiQ/photos/AeeoHcK1qhLvj4Wck7EYCaeanpLenZl0alUTDh_696rWLuj5PJc_xVfaRBYOynO-aF5NNMudvab0OYcYnomhtVj7Jl5k3rCjhvZCYVbsvb3oJ-1ia8LZK5-mGRFT7h5RdW3FSEASGj1r4eFOZSBzM3S8SCAnvu4Mjxa0nqJltcyLZs7usWG5xQl-vQBZrSjIivjh82eRfK3k4nt2YOq-LraKuQTasTXhWIcqs_yn_NxBCsxxS3P_ixiLvzMITJY70bB7FveiWRIqXYg5Qe1lUCc4wG7HJZhoKF9-osxGJwl5sW0qSTykHPklTkXZSAA8YasZu3d3rjFa9poSv3mBRq31dlNdmOCxxII1TET0jl8LFFS4liXkYwvFqrdp2FjIvBMHLGCtjjauDunF-JvxkmUt7EwpkB8YcQa2KZHBIlNb_f92l5Wa/media?key=AIzaSyC_ZZxoQjkItHwRpOlwiEVHPdQZwjbwRHU&maxHeightPx=800,https://places.googleapis.com/v1/places/ChIJjS2njODxVDARq9rZHzlpwiQ/photos/AeeoHcJa1tNz1V-VyBAevgTXQX8xca6SQmmaShzoFhGj57L_jOlj9EP9T3gncsmdB0PGVbNEgsQh7lNLIwZYv7gcYygq1rBT1q-bhyVHH15DefgwhJVYGLKCP9gGwwmeR5p9EyFRZHsoKbY0sZ6VWlRv5he8vNG1ZiYQp2rw0zWHx9epe87_vZw6wFEU7tj-Rm8gD7Zj-3P12bFSPTBtPThhYAznJDsg2xWaLC6wrGdG19CusZU4_6fLj9H37cNmH06Q1JV-5Pt2kIeXxMuG7BdoIqflizVsBsMPncYaXuzd-gKfDpw5dsUOuHzbzQzxk10iorMoa_eVAjunygEvVTVsmKTTzxCrhd8AFYq_flglSgU_Gj279j4zDtmdzupv0Nso50ahb9RA-PMGCdDIga0l-q52XuCkQdpn3pGHrYtjlViblCA/media?key=AIzaSyC_ZZxoQjkItHwRpOlwiEVHPdQZwjbwRHU&maxHeightPx=800,https://places.googleapis.com/v1/places/ChIJjS2njODxVDARq9rZHzlpwiQ/photos/AeeoHcJ6zKctJ76Vg44IIDNH9wDZkh2d30dC86xVnOPEyxcwWLAKlAty1DHJ0ZXLEwYNvASFOhwYGmKe-FC0uRJtb_69UwQdw0Q3piN6TBkCv8rIpfmS8K5BicdyYEZO3Cqd8IEYdaKmXUnU0uizyDrn_0Jtuv017Aj6Y4CWZPftTZHbvKuJ2sh_4-CfcoJA9FV0NTe37hrRToo_IJEHQ7b9T7ZiV3dqiPvxumxKGAmdd51XV-axW_0HztX-3Zifw49seKN3snl-zvnPIrgwO0bqzO-1L6bpdu7p_ZaWeYB-I1ULb6m-ziyp6Wn4_oXQKeayurBnmAd8Di4SGsw8I22iY9FcWKpVFIWDXDGF5knHMVqOMGW6-2Jtkv6pQC_Wgh5EhZ-GbRyU6egfbW3D09X06qKBso0szxg2ZQ7c0TyxLHNtIOEC/media?key=AIzaSyC_ZZxoQjkItHwRpOlwiEVHPdQZwjbwRHU&maxHeightPx=800,https://www.google.com/maps/place/?q=place_id:ChIJjS2njODxVDARq9rZHzlpwiQ
Baan Massage,4.7,320,https://places.googleapis.com/v1/places/ChIJCaL7OkHxVDARcMk86C-qs_g/photos/AeeoHcJiQdWu4vvUobPxXu_BP6VJizsCprqHZiRTmJWvaN6fmqm8L5n2E3ooWCWdQ5cY3nqoRpQ1fqmPfuBvqTWcm1RIXyyAZXO0EFDIe78eKT7rM_eO0owCGYGWSOcnw33KrQoLoOKbOkpg-b4mXfPF0Inxwhm0BbRB4IUfO5Gr5ToNI3RNlJAvnrSKVUAjzqZFioM8WRE3srJziSfkSglXyiBBz2oe-AA7WQDpcjKhawyfAgKfE1R0mvkq9kAbhR_uTk-YWBbKvofhVBYUeZfV1XKjAUDOvL4E1YBvpewDdWkdpctuqLFBYavshooH6id54RIzsiWJ3gbXe3Or2_-KIHV1-7nYhsN84c5K7Nk7L_kWeQXvXO30T1HBRHhlk8bSXIRlqPlO-S_PMVAOmCbQx35pAnzrRai-qeB3DqUJviEeiA/media?key=AIzaSyC_ZZxoQjkItHwRpOlwiEVHPdQZwjbwRHU&maxHeightPx=800,https://places.googleapis.com/v1/places/ChIJCaL7OkHxVDARcMk86C-qs_g/photos/AeeoHcL1Q3kGAP63mWVNOn8nJNgZzRBZg2W1A_Qv6qaMZWrfXwqdXIx_7lW0CKu1WRw9UePA1rP3XVDArX6bN225P7emBCNjMQNkKNWH2yJmwRLb4NdDxxDr25lrvpWxX3d1GdK0K4tAeCi_VUZsX1ejepjHrVSpDD9aTu30gbn4QLLZWCjEQIND37VNHrRvwGd-gViIHQrQfpnlYgNj4hDe3ficaOLnZ-qRcdLwY2wH9Vdp8F14EGZzG-orfiAjyNeD_z9ulku6rLFWDCWWsZu15DT4qb95joRAhT4qj8mVQ3pKC3sbTpHE1cvnbA3MbykBm8d9n-maFVrUVs27UnHb5POsCM6SyIS_7-5dfrhgO2zrY8TGY2TFCIaiDRabpWmI1MfDyZ6WDgrauvmwVTU4S3HtXj-3fe-VYY1HdLY7mUvV0g/media?key=AIzaSyC_ZZxoQjkItHwRpOlwiEVHPdQZwjbwRHU&maxHeightPx=800,https://places.googleapis.com/v1/places/ChIJCaL7OkHxVDARcMk86C-qs_g/photos/AeeoHcKHYIP3KXs3G9oYmz7fOf3M5mOXBVzhCTdXhPHOlDDgokrTmyVHiz0XkfmGnMZ1tMBkYt7KTajuoM8KqIpGzXLkNlKqAkeRnkd2L4yd7usDiPVf2qkyk7lzgOc8K8wqvXT_W-IE3BDn4nXGz1BITHvsmJekcGmU4J9SIn55LNXFOmJiFCgEIwa5o9GtC0DW3VitLrxNLZfq-9sK6dnUcfxdKqTuTxS-PLtP0d4zw94PUgb0LKin3ZRzerCjnIbfV8O1lok_4Wxc9fmLK_HxUq4GY81Gd937Ig6dY8JJxOkOidGKWRKTA_Uz18S4arvb9pRDl4vp2Ql2CNSekgsjD2UkLOJ7Yw_V6BGhkiGQ2RiaqZXMY8PGGD-CP2D7eowGSe3RPVCD_hNGPKF4q98er_1oF0kLuvIxXytlt3afuaHe8w/media?key=AIzaSyC_ZZxoQjkItHwRpOlwiEVHPdQZwjbwRHU&maxHeightPx=800,https://www.google.com/maps/place/?q=place_id:ChIJCaL7OkHxVDARcMk86C-qs_g
INFINITY THAI MASSAGE,4.8,51,https://places.googleapis.com/v1/places/ChIJYeCyfk_vVDAR6EypOvvCHaI/photos/AeeoHcLtYlQup3tCgECQfh7KO2bOTkYnqTulDrvz61VL5MgpGj_2C4uemwsqyM7BdsFwvag2hsk4JhWNMlFKX9022aI2qJEdvNUMhTdKowdw6sS7I3WOrP3XUJrSVBrSbujdwOL_sLoV14-4h-I8GhASGZ_FdrgrndwsqMaHzC9_CXHRwhnQaVzfy5JrS4_IpXdnt0U5Cy39PJTsCZ2w7Ssj0TCRWTuCBAJiFUQ-BxMiXyQBcxBMjYuXPkBlr20y2ntmqIq3ePTtKttdPPkyB5y1hjb1R13tDuSDbNuFomFg1dJhLQ/media?key=AIzaSyC_ZZxoQjkItHwRpOlwiEVHPdQZwjbwRHU&maxHeightPx=800,https://places.googleapis.com/v1/places/ChIJYeCyfk_vVDAR6EypOvvCHaI/photos/AeeoHcI3nePKXbtQz0Vd-Tnrax4HdXnTK6KM7c8n2r2W-gIRH9OCc951wyimxSVjWQWigkeIRfjSw9fexG8CJJ2DTbFkdy7pRMChwlXkOGTtbaKYIMljdks9cpqXUzHztl7XDL4msgI9gYwxaqly1LcfNa0xMbP2Euy7i1tVcSoiCvMIxMjA46b7TrCqBc-cwsPhk43vdUWTYdaITy48GNAYB2PrMYWItzUaa_doNLAffYCpb4LoBEYhsi4j6_ozpSvhVNON1wLSqdi1aaiQ-83tZVBR7ITGZD1vWepO6mgYcL52lw/media?key=AIzaSyC_ZZxoQjkItHwRpOlwiEVHPdQZwjbwRHU&maxHeightPx=800,https://places.googleapis.com/v1/places/ChIJYeCyfk_vVDAR6EypOvvCHaI/photos/AeeoHcIGPRbBpeiQCvNBRbm0GWHlrlHtytxz7dTS25eXjtiz1uq9tFPezS6b1TCdiCkZCwdnBH1ihlEgdxWwwz0ZWQt6K7j3LM4RrSSu8wVWKaREyNX9UnHkLyRPlE3Gsmw_V1lriNRONnHd82Y3UtPTsuVel8oupW0yg9rpBuPzIvhhqb4qtLDwGv43VO_kRH0eAAhjzfzn03AO1W8w8ETyi8TJI6qm2cRtQlqenMHEQ9_oTEtWOOzjOQmKWuyGarPlpBf5h_tjlWuytJIGd8EeNJ6B555zRzJVHLm9i4RtYRcIQQ/media?key=AIzaSyC_ZZxoQjkItHwRpOlwiEVHPdQZwjbwRHU&maxHeightPx=800,https://www.google.com/maps/place/?q=place_id:ChIJYeCyfk_vVDAR6EypOvvCHaI
Nakee Thai Massage,4.8,116,https://places.googleapis.com/v1/places/ChIJg118SgjxVDARg7aLO_3iB20/photos/AeeoHcKYR0fl8DM5NXipkAT-082jxkE_tVEEH1Ob8KB_iwj8L3v2D5BHslZrkyb7gWgB32VInrWl97zMPMQcFIykycp1PnNzWcDysUq7MRpWD-Cia5J1bwsqeWNvyd3JG4RugLTvwwmJRK-tLv3jQ0EaZR0d78jvyOVwQ4ffnPooyEfWvBdoxxjrgt_rQYzfXD2IT1Mh7zrR47IkvmYkR6NRVesbDBlu6IBmYWOsK1Z6-lkil5-0WE7jJ7uV_-ItEHZ3ZMnK8usEAbOf2m8GoDGwGEczwsDpa_ZL5AI9jbN7Y8rpmA/media?key=AIzaSyC_ZZxoQjkItHwRpOlwiEVHPdQZwjbwRHU&maxHeightPx=800,https://places.googleapis.com/v1/places/ChIJg118SgjxVDARg7aLO_3iB20/photos/AeeoHcKG1NJLzMXdgm5n7WpzL0UqhGmWmNZq-1G2IPSIFcTkYiX_Oh45kvQNJsfXMVc4WKOjw2twxR_MDVJSkDaX7bIFN-3UDsEUHFqNcQZVN8LctEQkoJgpYTGPzOvNOl8TMyczLV-Om71JQ0gfgPr3dgXSgJNwi9lz7zPzIxZc0z6hPpmgBldz8JNZOgn-1K7dDvmvb5E2fWX_AHne5Qil3J4_qJnIxmlEVlF9h51SD8eOphMoMwPbeGWRZNKkMk0yCtrGTchiUOKuUG5abaSOLpwbHm6IifxgCsNOMoZDVwUGWw/media?key=AIzaSyC_ZZxoQjkItHwRpOlwiEVHPdQZwjbwRHU&maxHeightPx=800,https://places.googleapis.com/v1/places/ChIJg118SgjxVDARg7aLO_3iB20/photos/AeeoHcLZXW6G16SFfS9fpTalLsbhT3lkVz6S26nv4JoFwmPzvyInp9fsxyz0c6rJZxhtc-Cm8-2QfeIXYjHIK6Igs00POtAFR7tks9rBQDQYXeCIcWKIKmh48z2CyqHrNq5_yWSDminMBs02LeHREFL05KFMCKS7BOgT3iksjkcSQPCBj4mcpx2tgVlgX1HoKBIRrmvXtpQtAcawrmQ-2Jb-qQh5eLij67ecZn_t1DzBc7Ol9Kn1q7IligWPq1BruDeKr6YZFKIlVPjSA0QDkvQGCwIMsSZODPDn4i2dhev5O7F9Vg/media?key=AIzaSyC_ZZxoQjkItHwRpOlwiEVHPdQZwjbwRHU&maxHeightPx=800,https://www.google.com/maps/place/?q=place_id:ChIJg118SgjxVDARg7aLO_3iB20
Jade Lotus Thai Massage,4.9,103,https://places.googleapis.com/v1/places/ChIJY0jHCQDxVDARHG2BjnDo16w/photos/AeeoHcL6Y1t08TPa0i9HboMzNdIvsvVWyxosygKVn8rZ_sVnZedN6RRZG1w5U0VadlMvTa7qgvtvApj6AuXIwkZfyPq4faPIVHacvYpn-SsjhO-6MNYNYQ8zp3Z0X997Z7WA_1ENKA_TH1h3-ScdNsjWOFL50kbjJgQouOqhl5PK5V3byPq5v5AIeGqbxZfblazP6lGrzYbxRa8VUuBaWl37BzapM8Q8Ne2VJ1VrqrINn_jqUIHnnZ6wZDWmQSYAyhL0MG0Yzl2VB47LQvC-HK9YK6yWyUWfUmzdHVBRyWihp1_iVQ/media?key=AIzaSyC_ZZxoQjkItHwRpOlwiEVHPdQZwjbwRHU&maxHeightPx=800,https://places.googleapis.com/v1/places/ChIJY0jHCQDxVDARHG2BjnDo16w/photos/AeeoHcI8rAfkC_xRmDKoyk7Uh7jU2EVZ-S-5SJo7kJf1HpF9PFH0wg7qdu5f6tVxlBOfX2mxH14QdC5txZG_CaR6CDhxSAhLNXEYVeuSL9h7R0IicKHsrvPcLOWTNRnda3u6n2sLmcOwZ5U_Hve-0JjZ4WYcjwUDD4bNj6JYtVfXrlpiQPxsWPCAlPqA6vvX8PJD4bvTtpH57BYWZNqqmLt-VnIV-sX759I17PECywEIgJBibX9Qg48irxzO4fUpbKDEJve6Yfe0ZwRBKc0ivpP-WoDbb1ZmVU4MhIIejV6XG50QO8uxEW_SlQXIRR7olbWEskikuG0P5mXcN2hjGER-MEQMOucETnOlG2cOWAAYWZAiR8O5qf4dN7i7X3xjbJsvZwFMTNFUIwbDT2ZDcUJBvvCjZu4vnpYbjAapbcpgDnoj-A/media?key=AIzaSyC_ZZxoQjkItHwRpOlwiEVHPdQZwjbwRHU&maxHeightPx=800,https://places.googleapis.com/v1/places/ChIJY0jHCQDxVDARHG2BjnDo16w/photos/AeeoHcLb3Us1JUT52BpotbQAU6V478GNfzPzGMN9x8nMFRogDVCXIZnQAS2Z7ao5-D-b6_xa7136XOtXQXUpSBd6V7jBFAgBtm4ghkvaljH4ZqoxicMo6jQONa0rMubktjOUdNZV5g115KOzjDk2mw54QKh2U_ze09pFP1QtBxGjpXtZDcmnoESpZPJwodAevw_4qV3Xa7ziBO1xfZt_2XTj48sv6uQcpm2WfTBBbF3LRBzoJpiQWaiW1VJFor1UnFbecWLaizvXoyV2CvSvcDBUpss6FFrmyuloalBwKk458WliQKKjHwAtflO30osg7BuydeGrw_DDMPfysna6ZtodDmwiOk76TuQGSvIv9BqlV_7u8Vm8WIyhvlQued1chly5CelLccnti2WrGqodJJ0Xt23bEZzjeUwIDiamtrP949pZKK-y/media?key=AIzaSyC_ZZxoQjkItHwRpOlwiEVHPdQZwjbwRHU&maxHeightPx=800,https://www.google.com/maps/place/?q=place_id:ChIJY0jHCQDxVDARHG2BjnDo16w
Sarunya Health Massage,4.2,98,https://places.googleapis.com/v1/places/ChIJUd8jtdLxVDAR0lEy3qML-4E/photos/AeeoHcKya-12H1sPYx1E2QOBsPgS1K6WG0CHhQ7HTbFbb3Cn3rOQI39wu6skFPj4zK9quA9t7fPnkoeb_Ysg8lsLlO7EGnqXyjfVyNgZGtBfWjpRzk-9EEDg0SNNMm4P3pWFowcc8joJs1Dxg9X8QtMUSMa5gCsTd4DSgzEfYYh7WuQTTe6wMqE_ojet3x6itRFm-GbSjHAmteC-jxVdWcAxxWNt0wcqcZa23z7rUvNeksCeUx6WCKZ3qfoC8i_Jb_occpJl9YumMb-xzzMbXofaQGpZLOyVl6_wzOjrB6BbISskNg/media?key=AIzaSyC_ZZxoQjkItHwRpOlwiEVHPdQZwjbwRHU&maxHeightPx=800,https://places.googleapis.com/v1/places/ChIJUd8jtdLxVDAR0lEy3qML-4E/photos/AeeoHcIZHdljXhZpZnwr8IMT7T9nsMEkNOLFv5XVDUEZgruY7Dc31ZWW9_LK5qdcSvWG0DX6j9CQkgGJDl2qtMO0yhL8Lk76I3TCkmCbzyJlUyLj5R4qXGhhF_MNycZPK4S4xxwbXREWkutT9UOQwUxbi5OjU0ldy-DW44-kxyLaTRgt8LeOz7UsxQ4Douqx5N9c616C5LRnt2eeUoRrISj7ozWrV8lqdwx-ElEm5y08_hKCUDhfXLwJxhW58XSmarVodW8HzRL3FotczE1eIoqvR7ezA-xKtw0UjkRDnx87S489GA/media?key=AIzaSyC_ZZxoQjkItHwRpOlwiEVHPdQZwjbwRHU&maxHeightPx=800,https://places.googleapis.com/v1/places/ChIJUd8jtdLxVDAR0lEy3qML-4E/photos/AeeoHcJ3GzMOhUBj4ZBjWJZxz8oF8eNuagv3o3B6p4p5BAbNgs_z7iEtR0Mq9IJMSZVehLjwjuJ_lmYlZ6JcwG1kU1K3QzmE6bomD3vAPD2td_FtFq7DJdvtYrJRboC00Lv6Z_AElYq8JtzF3G4k_4CeKeWrGphk2ecZmihahju9yflqeiAbYyn6d_ef9m6dI3nqZWMTTLManQe9uyOURdCKiuePwRp_Sa9bucFIyy4Q23p5DCegtSKuBLolC9k8RYmrBhWnD_1yJbXZN1vL21kmoobSrKVBlYxA1S7Gu_uzIi99hw/media?key=AIzaSyC_ZZxoQjkItHwRpOlwiEVHPdQZwjbwRHU&maxHeightPx=800,https://www.google.com/maps/place/?q=place_id:ChIJUd8jtdLxVDAR0lEy3qML-4E
